id;language_code;display_language_code;name
1;en;en;English
2;en;es;Inglés
3;en;de;Englisch
4;en;fr;Anglais
5;en;ar;الإنجليزية
6;en;bs;English
7;en;bg;Английски
8;en;ca;English
9;en;cs;Angličtina
10;en;sk;Angličtina
11;en;cy;English
12;en;da;English
13;en;el;Αγγλικα
14;en;eo;English
15;en;et;English
16;en;eu;English
17;en;fa;English
18;en;fi;englanti
19;en;ga;English
20;en;he;אנגלית
21;en;hi;English
22;en;hr;Engleski
23;en;hu;angol
24;en;hy;English
25;en;id;English
26;en;is;English
27;en;it;Inglese
28;en;ja;英語
29;en;ko;영어
30;en;ku;English
31;en;la;English
32;en;lv;English
33;en;lt;English
34;en;mk;English
35;en;mt;English
36;en;mn;English
37;en;ne;English
38;en;nl;Engels
39;en;nb;Engelsk
40;en;pa;English
41;en;pl;angielski
42;en;pt-pt;Inglês
43;en;pt-br;Inglês
44;en;qu;English
45;en;ro;Engleză
46;en;ru;Английский
47;en;sl;Angleščina
48;en;so;English
49;en;sq;English
50;en;sr;енглески
51;en;sv;Engelska
52;en;ta;English
53;en;th;อังกฤษ
54;en;tr;İngilizce
55;en;uk;English
56;en;ur;English
57;en;uz;English
58;en;vi;English
59;en;yi;English
60;en;zh-hans;英语
61;en;zu;English
62;en;zh-hant;英語
63;en;ms;English
64;es;en;Spanish
65;es;es;Español
66;es;de;Spanisch
67;es;fr;Espagnol
68;es;ar;الأسبانية
69;es;bs;Spanish
70;es;bg;Испански
71;es;ca;Spanish
72;es;cs;Španělský
73;es;sk;Španielčina
74;es;cy;Spanish
75;es;da;Spanish
76;es;el;Ισπανικα
77;es;eo;Spanish
78;es;et;Spanish
79;es;eu;Spanish
80;es;fa;Spanish
81;es;fi;espanja
82;es;ga;Spanish
83;es;he;ספרדית
84;es;hi;Spanish
85;es;hr;španjolski
86;es;hu;spanyol
87;es;hy;Spanish
88;es;id;Spanish
89;es;is;Spanish
90;es;it;Spagnolo
91;es;ja;スペイン語
92;es;ko;스페인어
93;es;ku;Spanish
94;es;la;Spanish
95;es;lv;Spanish
96;es;lt;Spanish
97;es;mk;Spanish
98;es;mt;Spanish
99;es;mn;Spanish
100;es;ne;Spanish
101;es;nl;Spaans
102;es;nb;Spansk
103;es;pa;Spanish
104;es;pl;hiszpański
105;es;pt-pt;Espanhol
106;es;pt-br;Espanhol
107;es;qu;Spanish
108;es;ro;Spaniolă
109;es;ru;Испанский
110;es;sl;Španščina
111;es;so;Spanish
112;es;sq;Spanish
113;es;sr;шпански
114;es;sv;Spanska
115;es;ta;Spanish
116;es;th;สเปน
117;es;tr;İspanyolca
118;es;uk;Spanish
119;es;ur;Spanish
120;es;uz;Spanish
121;es;vi;Spanish
122;es;yi;Spanish
123;es;zh-hans;西班牙语
124;es;zu;Spanish
125;es;zh-hant;西班牙語
126;es;ms;Spanish
127;de;en;German
128;de;es;Alemán
129;de;de;Deutsch
130;de;fr;Allemand
131;de;ar;الألمانية
132;de;bs;German
133;de;bg;Немски
134;de;ca;German
135;de;cs;Němec
136;de;sk;Nemčina
137;de;cy;German
138;de;da;German
139;de;el;Γερμανικα
140;de;eo;German
141;de;et;German
142;de;eu;German
143;de;fa;German
144;de;fi;saksa
145;de;ga;German
146;de;he;גרמנית
147;de;hi;German
148;de;hr;Njemački
149;de;hu;német
150;de;hy;German
151;de;id;German
152;de;is;German
153;de;it;Tedesco
154;de;ja;ドイツ語
155;de;ko;독어
156;de;ku;German
157;de;la;German
158;de;lv;German
159;de;lt;German
160;de;mk;German
161;de;mt;German
162;de;mn;German
163;de;ne;German
164;de;nl;Duits
165;de;nb;Tysk
166;de;pa;German
167;de;pl;niemiecki
168;de;pt-pt;Alemão
169;de;pt-br;Alemão
170;de;qu;German
171;de;ro;Germană
172;de;ru;Немецкий
173;de;sl;Nemščina
174;de;so;German
175;de;sq;German
176;de;sr;немачки
177;de;sv;Tyska
178;de;ta;German
179;de;th;เยอรมัน
180;de;tr;Almanca
181;de;uk;German
182;de;ur;German
183;de;uz;German
184;de;vi;German
185;de;yi;German
186;de;zh-hans;德语
187;de;zu;German
188;de;zh-hant;德語
189;de;ms;German
190;fr;en;French
191;fr;es;Francés
192;fr;de;Französisch
193;fr;fr;Français
194;fr;ar;الفرنسية
195;fr;bs;French
196;fr;bg;Френски
197;fr;ca;French
198;fr;cs;Francouzština
199;fr;sk;Francúzština
200;fr;cy;French
201;fr;da;French
202;fr;el;Γαλλικα
203;fr;eo;French
204;fr;et;French
205;fr;eu;French
206;fr;fa;French
207;fr;fi;ranska
208;fr;ga;French
209;fr;he;צרפתית
210;fr;hi;French
211;fr;hr;Francuzi
212;fr;hu;francia
213;fr;hy;French
214;fr;id;French
215;fr;is;French
216;fr;it;Francese
217;fr;ja;フランス語
218;fr;ko;불어
219;fr;ku;French
220;fr;la;French
221;fr;lv;French
222;fr;lt;French
223;fr;mk;French
224;fr;mt;French
225;fr;mn;French
226;fr;ne;French
227;fr;nl;Frans
228;fr;nb;Fransk
229;fr;pa;French
230;fr;pl;francuski
231;fr;pt-pt;Francês
232;fr;pt-br;Francês
233;fr;qu;French
234;fr;ro;Franceză
235;fr;ru;Французский
236;fr;sl;Francoščina
237;fr;so;French
238;fr;sq;French
239;fr;sr;француски
240;fr;sv;Franska
241;fr;ta;French
242;fr;th;ฝรั่งเศส
243;fr;tr;Fransızca
244;fr;uk;French
245;fr;ur;French
246;fr;uz;French
247;fr;vi;French
248;fr;yi;French
249;fr;zh-hans;法语
250;fr;zu;French
251;fr;zh-hant;法語
252;fr;ms;French
253;ar;en;Arabic
254;ar;es;Árabe
255;ar;de;Arabisch
256;ar;fr;Arabe
257;ar;ar;العربية
258;ar;bs;Arabic
259;ar;bg;Арабски
260;ar;ca;Arabic
261;ar;cs;Arabština
262;ar;sk;Arabčina
263;ar;cy;Arabic
264;ar;da;Arabic
265;ar;el;Αραβικα
266;ar;eo;Arabic
267;ar;et;Arabic
268;ar;eu;Arabic
269;ar;fa;Arabic
270;ar;fi;arabia
271;ar;ga;Arabic
272;ar;he;ערבית
273;ar;hi;Arabic
274;ar;hr;Arapski
275;ar;hu;arab
276;ar;hy;Arabic
277;ar;id;Arabic
278;ar;is;Arabic
279;ar;it;Arabo
280;ar;ja;アラビア語
281;ar;ko;아랍어
282;ar;ku;Arabic
283;ar;la;Arabic
284;ar;lv;Arabic
285;ar;lt;Arabic
286;ar;mk;Arabic
287;ar;mt;Arabic
288;ar;mn;Arabic
289;ar;ne;Arabic
290;ar;nl;Arabisch
291;ar;nb;Arabisk
292;ar;pa;Arabic
293;ar;pl;arabski
294;ar;pt-pt;Árabe
295;ar;pt-br;Árabe
296;ar;qu;Arabic
297;ar;ro;Arabică
298;ar;ru;Арабский
299;ar;sl;Arabščina
300;ar;so;Arabic
301;ar;sq;Arabic
302;ar;sr;арапски
303;ar;sv;Arabiska
304;ar;ta;Arabic
305;ar;th;อารบิก
306;ar;tr;Arapça
307;ar;uk;Arabic
308;ar;ur;Arabic
309;ar;uz;Arabic
310;ar;vi;Arabic
311;ar;yi;Arabic
312;ar;zh-hans;阿拉伯语
313;ar;zu;Arabic
314;ar;zh-hant;阿拉伯語
315;ar;ms;Arabic
316;bs;en;Bosnian
317;bs;es;Bosnio
318;bs;de;Bosnisch
319;bs;fr;Bosnien
320;bs;ar;البوسنية
321;bs;bs;Bosnian
322;bs;bg;Босненски
323;bs;ca;Bosnian
324;bs;cs;Bosenština
325;bs;sk;Bosniačtina
326;bs;cy;Bosnian
327;bs;da;Bosnian
328;bs;el;Βοσνιακα
329;bs;eo;Bosnian
330;bs;et;Bosnian
331;bs;eu;Bosnian
332;bs;fa;Bosnian
333;bs;fi;bosnia
334;bs;ga;Bosnian
335;bs;he;בוסנית
336;bs;hi;Bosnian
337;bs;hr;Bosanski
338;bs;hu;bosnyák
339;bs;hy;Bosnian
340;bs;id;Bosnian
341;bs;is;Bosnian
342;bs;it;Bosniaco
343;bs;ja;ボスニア語
344;bs;ko;보즈니아어
345;bs;ku;Bosnian
346;bs;la;Bosnian
347;bs;lv;Bosnian
348;bs;lt;Bosnian
349;bs;mk;Bosnian
350;bs;mt;Bosnian
351;bs;mn;Bosnian
352;bs;ne;Bosnian
353;bs;nl;Bosnisch
354;bs;nb;Bosnisk
355;bs;pa;Bosnian
356;bs;pl;bośniacki
357;bs;pt-pt;Bósnio
358;bs;pt-br;Bósnio
359;bs;qu;Bosnian
360;bs;ro;Bosniacă
361;bs;ru;Боснийский
362;bs;sl;Bosanski
363;bs;so;Bosnian
364;bs;sq;Bosnian
365;bs;sr;босански
366;bs;sv;Bosniska
367;bs;ta;Bosnian
368;bs;th;บอสเนียน
369;bs;tr;Boşnakça
370;bs;uk;Bosnian
371;bs;ur;Bosnian
372;bs;uz;Bosnian
373;bs;vi;Bosnian
374;bs;yi;Bosnian
375;bs;zh-hans;波斯尼亚语
376;bs;zu;Bosnian
377;bs;zh-hant;波士尼亞語
378;bs;ms;Bosnian
379;bg;en;Bulgarian
380;bg;es;Búlgaro
381;bg;de;Bulgarisch
382;bg;fr;Bulgare
383;bg;ar;البلغارية
384;bg;bs;Bulgarian
385;bg;bg;Български
386;bg;ca;Bulgarian
387;bg;cs;Bulharština
388;bg;sk;Bulharčina
389;bg;cy;Bulgarian
390;bg;da;Bulgarian
391;bg;el;Βουλγαρικα
392;bg;eo;Bulgarian
393;bg;et;Bulgarian
394;bg;eu;Bulgarian
395;bg;fa;Bulgarian
396;bg;fi;bulgaria
397;bg;ga;Bulgarian
398;bg;he;בולגרית
399;bg;hi;Bulgarian
400;bg;hr;Bugarski
401;bg;hu;bolgár
402;bg;hy;Bulgarian
403;bg;id;Bulgarian
404;bg;is;Bulgarian
405;bg;it;Bulgaro
406;bg;ja;ブルガリア語
407;bg;ko;불가리아어
408;bg;ku;Bulgarian
409;bg;la;Bulgarian
410;bg;lv;Bulgarian
411;bg;lt;Bulgarian
412;bg;mk;Bulgarian
413;bg;mt;Bulgarian
414;bg;mn;Bulgarian
415;bg;ne;Bulgarian
416;bg;nl;Bulgaars
417;bg;nb;Bulgarian
418;bg;pa;Bulgarian
419;bg;pl;bułgarski
420;bg;pt-pt;Búlgaro
421;bg;pt-br;Búlgaro
422;bg;qu;Bulgarian
423;bg;ro;Bulgară
424;bg;ru;Болгарский
425;bg;sl;Bolgarščina
426;bg;so;Bulgarian
427;bg;sq;Bulgarian
428;bg;sr;бугарски
429;bg;sv;Bulgariska
430;bg;ta;Bulgarian
431;bg;th;บัลแกเรียน
432;bg;tr;Bulgarca
433;bg;uk;Bulgarian
434;bg;ur;Bulgarian
435;bg;uz;Bulgarian
436;bg;vi;Bulgarian
437;bg;yi;Bulgarian
438;bg;zh-hans;保加利亚语
439;bg;zu;Bulgarian
440;bg;zh-hant;保加利亞語
441;bg;ms;Bulgarian
442;ca;en;Catalan
443;ca;es;Catalán
444;ca;de;Katalanisch
445;ca;fr;Catalan
446;ca;ar;الكاتالوينية
447;ca;bs;Catalan
448;ca;bg;Каталонски
449;ca;ca;Català
450;ca;cs;Katalánština
451;ca;sk;Katalánčina
452;ca;cy;Catalan
453;ca;da;Catalan
454;ca;el;Καταλανικα
455;ca;eo;Catalan
456;ca;et;Catalan
457;ca;eu;Catalan
458;ca;fa;Catalan
459;ca;fi;katalaani
460;ca;ga;Catalan
461;ca;he;קטלאנית
462;ca;hi;Catalan
463;ca;hr;Katalonski
464;ca;hu;katalán
465;ca;hy;Catalan
466;ca;id;Catalan
467;ca;is;Catalan
468;ca;it;Catalano
469;ca;ja;カタルーニャ語
470;ca;ko;카탈로니아어
471;ca;ku;Catalan
472;ca;la;Catalan
473;ca;lv;Catalan
474;ca;lt;Catalan
475;ca;mk;Catalan
476;ca;mt;Catalan
477;ca;mn;Catalan
478;ca;ne;Catalan
479;ca;nl;Catalaans
480;ca;nb;catalan
481;ca;pa;Catalan
482;ca;pl;kataloński
483;ca;pt-pt;Catalão
484;ca;pt-br;Catalão
485;ca;qu;Catalan
486;ca;ro;Catalană
487;ca;ru;Каталанский
488;ca;sl;Katalonščina
489;ca;so;Catalan
490;ca;sq;Catalan
491;ca;sr;каталонски
492;ca;sv;Katalanska
493;ca;ta;Catalan
494;ca;th;คะตะลาน
495;ca;tr;Katalan dili
496;ca;uk;Catalan
497;ca;ur;Catalan
498;ca;uz;Catalan
499;ca;vi;Catalan
500;ca;yi;Catalan
501;ca;zh-hans;加泰罗尼亚语
502;ca;zu;Catalan
503;ca;zh-hant;加泰羅尼亞語
504;ca;ms;Catalan
505;cs;en;Czech
506;cs;es;Checo
507;cs;de;Tschechisch
508;cs;fr;Tchèque
509;cs;ar;التشيكية
510;cs;bs;Czech
511;cs;bg;Чешки
512;cs;ca;Czech
513;cs;cs;Čeština
514;cs;sk;Čeština
515;cs;cy;Czech
516;cs;da;Czech
517;cs;el;Τσεχικη
518;cs;eo;Czech
519;cs;et;Czech
520;cs;eu;Czech
521;cs;fa;Czech
522;cs;fi;tsekki
523;cs;ga;Czech
524;cs;he;צ'כית
525;cs;hi;Czech
526;cs;hr;češki
527;cs;hu;cseh
528;cs;hy;Czech
529;cs;id;Czech
530;cs;is;Czech
531;cs;it;Ceco
532;cs;ja;チェコ語
533;cs;ko;체코슬로바키아어
534;cs;ku;Czech
535;cs;la;Czech
536;cs;lv;Czech
537;cs;lt;Czech
538;cs;mk;Czech
539;cs;mt;Czech
540;cs;mn;Czech
541;cs;ne;Czech
542;cs;nl;Tsjechisch
543;cs;nb;Czech
544;cs;pa;Czech
545;cs;pl;czeski
546;cs;pt-pt;Tcheco
547;cs;pt-br;Tcheco
548;cs;qu;Czech
549;cs;ro;Cehă
550;cs;ru;Чешский
551;cs;sl;Češčina
552;cs;so;Czech
553;cs;sq;Czech
554;cs;sr;чешки
555;cs;sv;Tjeckiska
556;cs;ta;Czech
557;cs;th;เช็ก
558;cs;tr;Çekçe
559;cs;uk;Czech
560;cs;ur;Czech
561;cs;uz;Czech
562;cs;vi;Czech
563;cs;yi;Czech
564;cs;zh-hans;捷克语
565;cs;zu;Czech
566;cs;zh-hant;捷克語
567;cs;ms;Czech
568;sk;en;Slovak
569;sk;es;Eslavo
570;sk;de;Slowakisch
571;sk;fr;Slave
572;sk;ar;السلافية
573;sk;bs;Slovak
574;sk;bg;Словашки
575;sk;ca;Slovak
576;sk;cs;Slovenština
577;sk;sk;Slovenčina
578;sk;cy;Slovak
579;sk;da;Slovak
580;sk;el;Σλαβικη
581;sk;eo;Slovak
582;sk;et;Slovak
583;sk;eu;Slovak
584;sk;fa;Slovak
585;sk;fi;slaavi
586;sk;ga;Slovak
587;sk;he;סלאבית
588;sk;hi;Slovak
589;sk;hr;Slovak
590;sk;hu;szláv
591;sk;hy;Slovak
592;sk;id;Slovak
593;sk;is;Slovak
594;sk;it;Slavo
595;sk;ja;スラヴ語派
596;sk;ko;슬라브어
597;sk;ku;Slovak
598;sk;la;Slovak
599;sk;lv;Slovak
600;sk;lt;Slovak
601;sk;mk;Slovak
602;sk;mt;Slovak
603;sk;mn;Slovak
604;sk;ne;Slovak
605;sk;nl;Slavisch
606;sk;nb;Slovak
607;sk;pa;Slovak
608;sk;pl;słowacki
609;sk;pt-pt;Eslavo
610;sk;pt-br;Eslavo
611;sk;qu;Slovak
612;sk;ro;Slavă
613;sk;ru;Славянский
614;sk;sl;Slovaščina
615;sk;so;Slovak
616;sk;sq;Slovak
617;sk;sr;словачки
618;sk;sv;Slavisk
619;sk;ta;Slovak
620;sk;th;สลาวิก
621;sk;tr;Slav dili
622;sk;uk;Slovak
623;sk;ur;Slovak
624;sk;uz;Slovak
625;sk;vi;Slovak
626;sk;yi;Slovak
627;sk;zh-hans;斯拉夫语
628;sk;zu;Slovak
629;sk;zh-hant;斯拉夫語
630;sk;ms;Slovak
631;cy;en;Welsh
632;cy;es;Galés
633;cy;de;Walisisch
634;cy;fr;Gallois
635;cy;ar;الولزية
636;cy;bs;Welsh
637;cy;bg;Уелски
638;cy;ca;Welsh
639;cy;cs;Velšský
640;cy;sk;Welština
641;cy;cy;Cymraeg
642;cy;da;Welsh
643;cy;el;Welsh
644;cy;eo;Welsh
645;cy;et;Welsh
646;cy;eu;Welsh
647;cy;fa;Welsh
648;cy;fi;kymri
649;cy;ga;Welsh
650;cy;he;וולשית
651;cy;hi;Welsh
652;cy;hr;Velški
653;cy;hu;vels
654;cy;hy;Welsh
655;cy;id;Welsh
656;cy;is;Welsh
657;cy;it;Gallese
658;cy;ja;ウェールズ語
659;cy;ko;웨일즈어
660;cy;ku;Welsh
661;cy;la;Welsh
662;cy;lv;Welsh
663;cy;lt;Welsh
664;cy;mk;Welsh
665;cy;mt;Welsh
666;cy;mn;Welsh
667;cy;ne;Welsh
668;cy;nl;Welsh
669;cy;nb;Welsh
670;cy;pa;Welsh
671;cy;pl;walijski
672;cy;pt-pt;Galês
673;cy;pt-br;Galês
674;cy;qu;Welsh
675;cy;ro;Galeză
676;cy;ru;Валлийский
677;cy;sl;Welsh
678;cy;so;Welsh
679;cy;sq;Welsh
680;cy;sr;велшки
681;cy;sv;Walesiska
682;cy;ta;Welsh
683;cy;th;เวลช์
684;cy;tr;Galce
685;cy;uk;Welsh
686;cy;ur;Welsh
687;cy;uz;Welsh
688;cy;vi;Welsh
689;cy;yi;Welsh
690;cy;zh-hans;威尔士语
691;cy;zu;Welsh
692;cy;zh-hant;威爾士語
693;cy;ms;Welsh
694;da;en;Danish
695;da;es;Danés
696;da;de;Dänisch
697;da;fr;Danois
698;da;ar;الدانماركية
699;da;bs;Danish
700;da;bg;Датски
701;da;ca;Danish
702;da;cs;Dánský
703;da;sk;Dánčina
704;da;cy;Danish
705;da;da;Dansk
706;da;el;Δανεζικα
707;da;eo;Danish
708;da;et;Danish
709;da;eu;Danish
710;da;fa;Danish
711;da;fi;tanska
712;da;ga;Danish
713;da;he;דנית
714;da;hi;Danish
715;da;hr;Danski
716;da;hu;dán
717;da;hy;Danish
718;da;id;Danish
719;da;is;Danish
720;da;it;Danese
721;da;ja;デンマーク語
722;da;ko;덴마크어
723;da;ku;Danish
724;da;la;Danish
725;da;lv;Danish
726;da;lt;Danish
727;da;mk;Danish
728;da;mt;Danish
729;da;mn;Danish
730;da;ne;Danish
731;da;nl;Deens
732;da;nb;Danish
733;da;pa;Danish
734;da;pl;duński
735;da;pt-pt;Dinamarquês
736;da;pt-br;Dinamarquês
737;da;qu;Danish
738;da;ro;Daneză
739;da;ru;Датский
740;da;sl;Danščina
741;da;so;Danish
742;da;sq;Danish
743;da;sr;дански
744;da;sv;Danska
745;da;ta;Danish
746;da;th;เดนมาร์ก
747;da;tr;Danca
748;da;uk;Danish
749;da;ur;Danish
750;da;uz;Danish
751;da;vi;Danish
752;da;yi;Danish
753;da;zh-hans;丹麦语
754;da;zu;Danish
755;da;zh-hant;丹麥語
756;da;ms;Danish
757;el;en;Greek
758;el;es;Griego
759;el;de;Griechisch
760;el;fr;Grec moderne
761;el;ar;اليونانية
762;el;bs;Greek
763;el;bg;Гръцки
764;el;ca;Greek
765;el;cs;Řečtina
766;el;sk;Gréčtina
767;el;cy;Greek
768;el;da;Greek
769;el;el;Ελληνικα
770;el;eo;Greek
771;el;et;Greek
772;el;eu;Greek
773;el;fa;Greek
774;el;fi;kreikka
775;el;ga;Greek
776;el;he;יוונית
777;el;hi;Greek
778;el;hr;Grčki
779;el;hu;görög
780;el;hy;Greek
781;el;id;Greek
782;el;is;Greek
783;el;it;Greco
784;el;ja;ギリシア語
785;el;ko;그리스어
786;el;ku;Greek
787;el;la;Greek
788;el;lv;Greek
789;el;lt;Greek
790;el;mk;Greek
791;el;mt;Greek
792;el;mn;Greek
793;el;ne;Greek
794;el;nl;Grieks
795;el;nb;Gresk
796;el;pa;Greek
797;el;pl;grecki
798;el;pt-pt;Grego
799;el;pt-br;Grego
800;el;qu;Greek
801;el;ro;Greacă
802;el;ru;Греческий
803;el;sl;Greek
804;el;so;Greek
805;el;sq;Greek
806;el;sr;грчки
807;el;sv;Grekiska
808;el;ta;Greek
809;el;th;กรีก
810;el;tr;Yunanca
811;el;uk;Greek
812;el;ur;Greek
813;el;uz;Greek
814;el;vi;Greek
815;el;yi;Greek
816;el;zh-hans;希腊语
817;el;zu;Greek
818;el;zh-hant;希臘語
819;el;ms;Greek
820;eo;en;Esperanto
821;eo;es;Esperanto
822;eo;de;Esperanto
823;eo;fr;Espéranto
824;eo;ar;الاسبرانتو
825;eo;bs;Esperanto
826;eo;bg;Есперанто
827;eo;ca;Esperanto
828;eo;cs;Esperanto
829;eo;sk;Esperanto
830;eo;cy;Esperanto
831;eo;da;Esperanto
832;eo;el;Εσπεραντο
833;eo;eo;Esperanta
834;eo;et;Esperanto
835;eo;eu;Esperanto
836;eo;fa;Esperanto
837;eo;fi;esperanto
838;eo;ga;Esperanto
839;eo;he;אספרנטו
840;eo;hi;Esperanto
841;eo;hr;Esperanto
842;eo;hu;eszperantó
843;eo;hy;Esperanto
844;eo;id;Esperanto
845;eo;is;Esperanto
846;eo;it;Esperanto
847;eo;ja;エスペラント語
848;eo;ko;에스페란토어
849;eo;ku;Esperanto
850;eo;la;Esperanto
851;eo;lv;Esperanto
852;eo;lt;Esperanto
853;eo;mk;Esperanto
854;eo;mt;Esperanto
855;eo;mn;Esperanto
856;eo;ne;Esperanto
857;eo;nl;Esperanto
858;eo;nb;Esperanto
859;eo;pa;Esperanto
860;eo;pl;esperanto
861;eo;pt-pt;Esperanto
862;eo;pt-br;Esperanto
863;eo;qu;Esperanto
864;eo;ro;Esperanto
865;eo;ru;Эсперанто
866;eo;sl;Esperanto
867;eo;so;Esperanto
868;eo;sq;Esperanto
869;eo;sr;есперанто
870;eo;sv;Esperanto
871;eo;ta;Esperanto
872;eo;th;เอสเปอรันโต
873;eo;tr;Esperanto
874;eo;uk;Esperanto
875;eo;ur;Esperanto
876;eo;uz;Esperanto
877;eo;vi;Esperanto
878;eo;yi;Esperanto
879;eo;zh-hans;世界语
880;eo;zu;Esperanto
881;eo;zh-hant;世界語
882;eo;ms;Esperanto
883;et;en;Estonian
884;et;es;Estonio
885;et;de;Estnisch
886;et;fr;Estonien
887;et;ar;الأستونية
888;et;bs;Estonian
889;et;bg;Естонски
890;et;ca;Estonian
891;et;cs;Estonština
892;et;sk;Estónčina
893;et;cy;Estonian
894;et;da;Estonian
895;et;el;Εσθονικα
896;et;eo;Estonian
897;et;et;Eesti
898;et;eu;Estonian
899;et;fa;Estonian
900;et;fi;eesti
901;et;ga;Estonian
902;et;he;אסטונית
903;et;hi;Estonian
904;et;hr;Estonski
905;et;hu;észt
906;et;hy;Estonian
907;et;id;Estonian
908;et;is;Estonian
909;et;it;Estone
910;et;ja;エストニア語
911;et;ko;에스토니아어
912;et;ku;Estonian
913;et;la;Estonian
914;et;lv;Estonian
915;et;lt;Estonian
916;et;mk;Estonian
917;et;mt;Estonian
918;et;mn;Estonian
919;et;ne;Estonian
920;et;nl;Ests
921;et;nb;Estonian
922;et;pa;Estonian
923;et;pl;estoński
924;et;pt-pt;Estoniano
925;et;pt-br;Estoniano
926;et;qu;Estonian
927;et;ro;Estoniană
928;et;ru;Эстонский
929;et;sl;Estonščina
930;et;so;Estonian
931;et;sq;Estonian
932;et;sr;естонски
933;et;sv;Estniska
934;et;ta;Estonian
935;et;th;เอสโตเนียน
936;et;tr;Estonya dili
937;et;uk;Estonian
938;et;ur;Estonian
939;et;uz;Estonian
940;et;vi;Estonian
941;et;yi;Estonian
942;et;zh-hans;爱沙尼亚语
943;et;zu;Estonian
944;et;zh-hant;愛沙尼亞語
945;et;ms;Estonian
946;eu;en;Basque
947;eu;es;Euskera
948;eu;de;Baskisch
949;eu;fr;Basque
950;eu;ar;لغة الباسك
951;eu;bs;Basque
952;eu;bg;Баски
953;eu;ca;Basque
954;eu;cs;Basque
955;eu;sk;Baskičtina
956;eu;cy;Basque
957;eu;da;Basque
958;eu;el;Βασκικα
959;eu;eo;Basque
960;eu;et;Basque
961;eu;eu;Euskara
962;eu;fa;Basque
963;eu;fi;baski
964;eu;ga;Basque
965;eu;he;בסקית
966;eu;hi;Basque
967;eu;hr;Baskijski
968;eu;hu;baszk
969;eu;hy;Basque
970;eu;id;Basque
971;eu;is;Basque
972;eu;it;Basco
973;eu;ja;バスク語
974;eu;ko;바스크어
975;eu;ku;Basque
976;eu;la;Basque
977;eu;lv;Basque
978;eu;lt;Basque
979;eu;mk;Basque
980;eu;mt;Basque
981;eu;mn;Basque
982;eu;ne;Basque
983;eu;nl;Baskisch
984;eu;nb;Basque
985;eu;pa;Basque
986;eu;pl;baskijski
987;eu;pt-pt;Basco
988;eu;pt-br;Basco
989;eu;qu;Basque
990;eu;ro;Bască
991;eu;ru;Баскский
992;eu;sl;Baskovščina
993;eu;so;Basque
994;eu;sq;Basque
995;eu;sr;баскијски
996;eu;sv;Baskiska
997;eu;ta;Basque
998;eu;th;บาสค์
999;eu;tr;Bask dili
1000;eu;uk;Basque
1001;eu;ur;Basque
1002;eu;uz;Basque
1003;eu;vi;Basque
1004;eu;yi;Basque
1005;eu;zh-hans;巴斯克语
1006;eu;zu;Basque
1007;eu;zh-hant;巴斯克語
1008;eu;ms;Basque
1009;fa;en;Persian
1010;fa;es;Persa
1011;fa;de;Persisch
1012;fa;fr;Perse
1013;fa;ar;الفارسية
1014;fa;bs;Persian
1015;fa;bg;Персийски
1016;fa;ca;Persian
1017;fa;cs;Perský
1018;fa;sk;Perzština
1019;fa;cy;Persian
1020;fa;da;Persian
1021;fa;el;Περσικος
1022;fa;eo;Persian
1023;fa;et;Persian
1024;fa;eu;Persian
1025;fa;fa;فارسی
1026;fa;fi;persia
1027;fa;ga;Persian
1028;fa;he;פרסית
1029;fa;hi;Persian
1030;fa;hr;Perzijski
1031;fa;hu;perzsa
1032;fa;hy;Persian
1033;fa;id;Persian
1034;fa;is;Persian
1035;fa;it;Persiano
1036;fa;ja;ペルシア語
1037;fa;ko;페르시아어
1038;fa;ku;Persian
1039;fa;la;Persian
1040;fa;lv;Persian
1041;fa;lt;Persian
1042;fa;mk;Persian
1043;fa;mt;Persian
1044;fa;mn;Persian
1045;fa;ne;Persian
1046;fa;nl;Perzisch
1047;fa;nb;Persisk
1048;fa;pa;Persian
1049;fa;pl;perski
1050;fa;pt-pt;Persa
1051;fa;pt-br;Persa
1052;fa;qu;Persian
1053;fa;ro;Persană
1054;fa;ru;Персидский
1055;fa;sl;Perzijski
1056;fa;so;Persian
1057;fa;sq;Persian
1058;fa;sr;персијски
1059;fa;sv;Persiska
1060;fa;ta;Persian
1061;fa;th;เปอร์เซียน
1062;fa;tr;Farsça
1063;fa;uk;Persian
1064;fa;ur;Persian
1065;fa;uz;Persian
1066;fa;vi;Persian
1067;fa;yi;Persian
1068;fa;zh-hans;波斯语
1069;fa;zu;Persian
1070;fa;zh-hant;波斯語
1071;fa;ms;Persian
1072;fi;en;Finnish
1073;fi;es;Finlandés
1074;fi;de;Finnisch
1075;fi;fr;Finnois
1076;fi;ar;الفنلندية
1077;fi;bs;Finnish
1078;fi;bg;Фински
1079;fi;ca;Finnish
1080;fi;cs;Finský
1081;fi;sk;Fínština
1082;fi;cy;Finnish
1083;fi;da;Finnish
1084;fi;el;Φινλανδικη
1085;fi;eo;Finnish
1086;fi;et;Finnish
1087;fi;eu;Finnish
1088;fi;fa;Finnish
1089;fi;fi;Suomi
1090;fi;ga;Finnish
1091;fi;he;פינית
1092;fi;hi;Finnish
1093;fi;hr;Finski
1094;fi;hu;finn
1095;fi;hy;Finnish
1096;fi;id;Finnish
1097;fi;is;Finnish
1098;fi;it;Finlandese
1099;fi;ja;フィンランド語
1100;fi;ko;핀란드어
1101;fi;ku;Finnish
1102;fi;la;Finnish
1103;fi;lv;Finnish
1104;fi;lt;Finnish
1105;fi;mk;Finnish
1106;fi;mt;Finnish
1107;fi;mn;Finnish
1108;fi;ne;Finnish
1109;fi;nl;Fins
1110;fi;nb;Finsk
1111;fi;pa;Finnish
1112;fi;pl;fiński
1113;fi;pt-pt;Finlandês
1114;fi;pt-br;Finlandês
1115;fi;qu;Finnish
1116;fi;ro;Finlandeză
1117;fi;ru;Финский
1118;fi;sl;Finski
1119;fi;so;Finnish
1120;fi;sq;Finnish
1121;fi;sr;фински
1122;fi;sv;Finska
1123;fi;ta;Finnish
1124;fi;th;ฟินนิช
1125;fi;tr;Fince
1126;fi;uk;Finnish
1127;fi;ur;Finnish
1128;fi;uz;Finnish
1129;fi;vi;Finnish
1130;fi;yi;Finnish
1131;fi;zh-hans;芬兰语
1132;fi;zu;Finnish
1133;fi;zh-hant;芬蘭語
1134;fi;ms;Finnish
1135;ga;en;Irish
1136;ga;es;Irlandés
1137;ga;de;Irisch
1138;ga;fr;Irlandais
1139;ga;ar;الأيرلندية
1140;ga;bs;Irish
1141;ga;bg;Ирландски
1142;ga;ca;Irish
1143;ga;cs;Irský
1144;ga;sk;Írština
1145;ga;cy;Irish
1146;ga;da;Irish
1147;ga;el;Ιρλανδικα
1148;ga;eo;Irish
1149;ga;et;Irish
1150;ga;eu;Irish
1151;ga;fa;Irish
1152;ga;fi;iiri
1153;ga;ga;Gaeilge
1154;ga;he;אירית
1155;ga;hi;Irish
1156;ga;hr;Irci
1157;ga;hu;ír
1158;ga;hy;Irish
1159;ga;id;Irish
1160;ga;is;Irish
1161;ga;it;Irlandese
1162;ga;ja;アイルランド語
1163;ga;ko;아일랜드어
1164;ga;ku;Irish
1165;ga;la;Irish
1166;ga;lv;Irish
1167;ga;lt;Irish
1168;ga;mk;Irish
1169;ga;mt;Irish
1170;ga;mn;Irish
1171;ga;ne;Irish
1172;ga;nl;Iers
1173;ga;nb;Irish
1174;ga;pa;Irish
1175;ga;pl;irlandzki
1176;ga;pt-pt;Irlandês
1177;ga;pt-br;Irlandês
1178;ga;qu;Irish
1179;ga;ro;Irlandeză
1180;ga;ru;Ирландский
1181;ga;sl;Irski
1182;ga;so;Irish
1183;ga;sq;Irish
1184;ga;sr;ирски
1185;ga;sv;Irländska
1186;ga;ta;Irish
1187;ga;th;ไอริช
1188;ga;tr;İrlanda dili
1189;ga;uk;Irish
1190;ga;ur;Irish
1191;ga;uz;Irish
1192;ga;vi;Irish
1193;ga;yi;Irish
1194;ga;zh-hans;爱尔兰语
1195;ga;zu;Irish
1196;ga;zh-hant;愛爾蘭語
1197;ga;ms;Irish
1198;he;en;Hebrew
1199;he;es;Hebreo
1200;he;de;Hebräisch
1201;he;fr;Hébreu
1202;he;ar;العبرية
1203;he;bs;Hebrew
1204;he;bg;Иврит
1205;he;ca;Hebrew
1206;he;cs;Hebrejština
1207;he;sk;Hebrejčina
1208;he;cy;Hebrew
1209;he;da;Hebrew
1210;he;el;Εβραικα
1211;he;eo;Hebrew
1212;he;et;Hebrew
1213;he;eu;Hebrew
1214;he;fa;Hebrew
1215;he;fi;heprea
1216;he;ga;Hebrew
1217;he;he;עברית
1218;he;hi;Hebrew
1219;he;hr;Hebrejski
1220;he;hu;héber
1221;he;hy;Hebrew
1222;he;id;Hebrew
1223;he;is;Hebrew
1224;he;it;Ebraico
1225;he;ja;ヘブライ語
1226;he;ko;히브리어
1227;he;ku;Hebrew
1228;he;la;Hebrew
1229;he;lv;Hebrew
1230;he;lt;Hebrew
1231;he;mk;Hebrew
1232;he;mt;Hebrew
1233;he;mn;Hebrew
1234;he;ne;Hebrew
1235;he;nl;Hebreeuws
1236;he;nb;Hebraisk
1237;he;pa;Hebrew
1238;he;pl;hebrajski
1239;he;pt-pt;Hebraico
1240;he;pt-br;Hebraico
1241;he;qu;Hebrew
1242;he;ro;Ebraică
1243;he;ru;Иврит
1244;he;sl;Hebrejščina
1245;he;so;Hebrew
1246;he;sq;Hebrew
1247;he;sr;Хебрејски
1248;he;sv;Hebreiska
1249;he;ta;Hebrew
1250;he;th;ฮิบรู
1251;he;tr;İbranice
1252;he;uk;Hebrew
1253;he;ur;Hebrew
1254;he;uz;Hebrew
1255;he;vi;Hebrew
1256;he;yi;Hebrew
1257;he;zh-hans;希伯来语
1258;he;zu;Hebrew
1259;he;zh-hant;希伯來語
1260;he;ms;Hebrew
1261;hi;en;Hindi
1262;hi;es;Hindi
1263;hi;de;Hindi
1264;hi;fr;Hindi
1265;hi;ar;الهندية
1266;hi;bs;Hindi
1267;hi;bg;Хинди
1268;hi;ca;Hindi
1269;hi;cs;Hindština
1270;hi;sk;Hindčina
1271;hi;cy;Hindi
1272;hi;da;Hindi
1273;hi;el;Ινδικα
1274;hi;eo;Hindi
1275;hi;et;Hindi
1276;hi;eu;Hindi
1277;hi;fa;Hindi
1278;hi;fi;hindi
1279;hi;ga;Hindi
1280;hi;he;הודית
1281;hi;hi;हिन्दी
1282;hi;hr;Hindski
1283;hi;hu;hindi
1284;hi;hy;Hindi
1285;hi;id;Hindi
1286;hi;is;Hindi
1287;hi;it;Hindi
1288;hi;ja;ヒンディー語
1289;hi;ko;힌두어
1290;hi;ku;Hindi
1291;hi;la;Hindi
1292;hi;lv;Hindi
1293;hi;lt;Hindi
1294;hi;mk;Hindi
1295;hi;mt;Hindi
1296;hi;mn;Hindi
1297;hi;ne;Hindi
1298;hi;nl;Hindi
1299;hi;nb;Hindi
1300;hi;pa;Hindi
1301;hi;pl;hindi
1302;hi;pt-pt;Hindi
1303;hi;pt-br;Hindi
1304;hi;qu;Hindi
1305;hi;ro;Hindi
1306;hi;ru;Хинди
1307;hi;sl;Hindi
1308;hi;so;Hindi
1309;hi;sq;Hindi
1310;hi;sr;хинди
1311;hi;sv;Hindi
1312;hi;ta;Hindi
1313;hi;th;ฮินดิ
1314;hi;tr;Hintçe
1315;hi;uk;Hindi
1316;hi;ur;Hindi
1317;hi;uz;Hindi
1318;hi;vi;Hindi
1319;hi;yi;Hindi
1320;hi;zh-hans;印地语
1321;hi;zu;Hindi
1322;hi;zh-hant;印地語
1323;hi;ms;Hindi
1324;hr;en;Croatian
1325;hr;es;Croata
1326;hr;de;Kroatisch
1327;hr;fr;Croate
1328;hr;ar;الكرواتية
1329;hr;bs;Croatian
1330;hr;bg;Хърватски
1331;hr;ca;Croatian
1332;hr;cs;Chorvatský
1333;hr;sk;Chorvátština
1334;hr;cy;Croatian
1335;hr;da;Croatian
1336;hr;el;Κροατικα
1337;hr;eo;Croatian
1338;hr;et;Croatian
1339;hr;eu;Croatian
1340;hr;fa;Croatian
1341;hr;fi;kroatia
1342;hr;ga;Croatian
1343;hr;he;קרוטאית
1344;hr;hi;Croatian
1345;hr;hr;Hrvatski
1346;hr;hu;horvát
1347;hr;hy;Croatian
1348;hr;id;Croatian
1349;hr;is;Croatian
1350;hr;it;Croato
1351;hr;ja;クロアチア語
1352;hr;ko;크로아시아어
1353;hr;ku;Croatian
1354;hr;la;Croatian
1355;hr;lv;Croatian
1356;hr;lt;Croatian
1357;hr;mk;Croatian
1358;hr;mt;Croatian
1359;hr;mn;Croatian
1360;hr;ne;Croatian
1361;hr;nl;Kroatisch
1362;hr;nb;Kroatisk
1363;hr;pa;Croatian
1364;hr;pl;chorwacki
1365;hr;pt-pt;Croata
1366;hr;pt-br;Croata
1367;hr;qu;Croatian
1368;hr;ro;Croată
1369;hr;ru;Хорватский
1370;hr;sl;Hrvaški
1371;hr;so;Croatian
1372;hr;sq;Croatian
1373;hr;sr;хрватски
1374;hr;sv;Kroatiska
1375;hr;ta;Croatian
1376;hr;th;โครเอเชีย
1377;hr;tr;Hırvatça
1378;hr;uk;Croatian
1379;hr;ur;Croatian
1380;hr;uz;Croatian
1381;hr;vi;Croatian
1382;hr;yi;Croatian
1383;hr;zh-hans;克罗地亚语
1384;hr;zu;Croatian
1385;hr;zh-hant;克羅地亞語
1386;hr;ms;Croatian
1387;hu;en;Hungarian
1388;hu;es;Húngaro
1389;hu;de;Ungarisch
1390;hu;fr;Hongrois
1391;hu;ar;الهنغارية
1392;hu;bs;Hungarian
1393;hu;bg;Унгарски
1394;hu;ca;Hungarian
1395;hu;cs;Maďarština
1396;hu;sk;Maďarčina
1397;hu;cy;Hungarian
1398;hu;da;Hungarian
1399;hu;el;Ουγγρικα
1400;hu;eo;Hungarian
1401;hu;et;Hungarian
1402;hu;eu;Hungarian
1403;hu;fa;Hungarian
1404;hu;fi;unkari
1405;hu;ga;Hungarian
1406;hu;he;הונגרית
1407;hu;hi;Hungarian
1408;hu;hr;Mađarski
1409;hu;hu;Magyar
1410;hu;hy;Hungarian
1411;hu;id;Hungarian
1412;hu;is;Hungarian
1413;hu;it;Ungherese
1414;hu;ja;ハンガリー語
1415;hu;ko;헝가리어
1416;hu;ku;Hungarian
1417;hu;la;Hungarian
1418;hu;lv;Hungarian
1419;hu;lt;Hungarian
1420;hu;mk;Hungarian
1421;hu;mt;Hungarian
1422;hu;mn;Hungarian
1423;hu;ne;Hungarian
1424;hu;nl;Hongaars
1425;hu;nb;Ungarsk
1426;hu;pa;Hungarian
1427;hu;pl;węgierski
1428;hu;pt-pt;Húngaro
1429;hu;pt-br;Húngaro
1430;hu;qu;Hungarian
1431;hu;ro;Ungară
1432;hu;ru;Венгерский
1433;hu;sl;Madžarski
1434;hu;so;Hungarian
1435;hu;sq;Hungarian
1436;hu;sr;мађарски
1437;hu;sv;Ungerska
1438;hu;ta;Hungarian
1439;hu;th;ฮังการี
1440;hu;tr;Macarca
1441;hu;uk;Hungarian
1442;hu;ur;Hungarian
1443;hu;uz;Hungarian
1444;hu;vi;Hungarian
1445;hu;yi;Hungarian
1446;hu;zh-hans;匈牙利语
1447;hu;zu;Hungarian
1448;hu;zh-hant;匈牙利語
1449;hu;ms;Hungarian
1450;hy;en;Armenian
1451;hy;es;Armenio
1452;hy;de;Armenisch
1453;hy;fr;Arménien
1454;hy;ar;الأرمينية
1455;hy;bs;Armenian
1456;hy;bg;Арменски
1457;hy;ca;Armenian
1458;hy;cs;Arménský
1459;hy;sk;Arménčina
1460;hy;cy;Armenian
1461;hy;da;Armenian
1462;hy;el;Αρμενικα
1463;hy;eo;Armenian
1464;hy;et;Armenian
1465;hy;eu;Armenian
1466;hy;fa;Armenian
1467;hy;fi;armenia
1468;hy;ga;Armenian
1469;hy;he;ארמנית
1470;hy;hi;Armenian
1471;hy;hr;Armenac
1472;hy;hu;örmény
1473;hy;hy;հայերեն
1474;hy;id;Armenian
1475;hy;is;Armenian
1476;hy;it;Armeno
1477;hy;ja;アルメニア語
1478;hy;ko;아르메니아어
1479;hy;ku;Armenian
1480;hy;la;Armenian
1481;hy;lv;Armenian
1482;hy;lt;Armenian
1483;hy;mk;Armenian
1484;hy;mt;Armenian
1485;hy;mn;Armenian
1486;hy;ne;Armenian
1487;hy;nl;Armeens
1488;hy;nb;Armensk
1489;hy;pa;Armenian
1490;hy;pl;ormiański
1491;hy;pt-pt;Arménio
1492;hy;pt-br;Arménio
1493;hy;qu;Armenian
1494;hy;ro;Armeană
1495;hy;ru;Армянский
1496;hy;sl;Armenski
1497;hy;so;Armenian
1498;hy;sq;Armenian
1499;hy;sr;јерменски
1500;hy;sv;Armeniska
1501;hy;ta;Armenian
1502;hy;th;อาร์เมเนีย
1503;hy;tr;Ermenice
1504;hy;uk;Armenian
1505;hy;ur;Armenian
1506;hy;uz;Armenian
1507;hy;vi;Armenian
1508;hy;yi;Armenian
1509;hy;zh-hans;亚美尼亚语
1510;hy;zu;Armenian
1511;hy;zh-hant;亞美尼亞語
1512;hy;ms;Armenian
1513;id;en;Indonesian
1514;id;es;Indonesio
1515;id;de;Indonesisch
1516;id;fr;Indonésien
1517;id;ar;الأندونيسية
1518;id;bs;Indonesian
1519;id;bg;Индонезийски
1520;id;ca;Indonesian
1521;id;cs;Indonéský
1522;id;sk;Indonézčina
1523;id;cy;Indonesian
1524;id;da;Indonesian
1525;id;el;Ινδονησιακα
1526;id;eo;Indonesian
1527;id;et;Indonesian
1528;id;eu;Indonesian
1529;id;fa;Indonesian
1530;id;fi;indonesia
1531;id;ga;Indonesian
1532;id;he;אינדונזית
1533;id;hi;Indonesian
1534;id;hr;Indonezijski
1535;id;hu;indonéz
1536;id;hy;Indonesian
1537;id;id;Indonesia
1538;id;is;Indonesian
1539;id;it;Indonesiano
1540;id;ja;インドネシア語
1541;id;ko;인도네시아어
1542;id;ku;Indonesian
1543;id;la;Indonesian
1544;id;lv;Indonesian
1545;id;lt;Indonesian
1546;id;mk;Indonesian
1547;id;mt;Indonesian
1548;id;mn;Indonesian
1549;id;ne;Indonesian
1550;id;nl;Indonesisch
1551;id;nb;Indonesian
1552;id;pa;Indonesian
1553;id;pl;indonezyjski
1554;id;pt-pt;Indonésio
1555;id;pt-br;Indonésio
1556;id;qu;Indonesian
1557;id;ro;Indoneziană
1558;id;ru;Индонезийский
1559;id;sl;Indonezijski
1560;id;so;Indonesian
1561;id;sq;Indonesian
1562;id;sr;индонезијски
1563;id;sv;Indonesiska
1564;id;ta;Indonesian
1565;id;th;อินโดนีเซีย
1566;id;tr;Endonezya dili
1567;id;uk;Indonesian
1568;id;ur;Indonesian
1569;id;uz;Indonesian
1570;id;vi;Indonesian
1571;id;yi;Indonesian
1572;id;zh-hans;印度尼西亚语
1573;id;zu;Indonesian
1574;id;zh-hant;印尼語
1575;id;ms;Indonesian
1576;is;en;Icelandic
1577;is;es;Islandés
1578;is;de;Isländisch
1579;is;fr;Islandais
1580;is;ar;الأيسلاندية
1581;is;bs;Icelandic
1582;is;bg;Исландски
1583;is;ca;Icelandic
1584;is;cs;Islandský
1585;is;sk;Islančina
1586;is;cy;Icelandic
1587;is;da;Icelandic
1588;is;el;Ισλανδικα
1589;is;eo;Icelandic
1590;is;et;Icelandic
1591;is;eu;Icelandic
1592;is;fa;Icelandic
1593;is;fi;islanti
1594;is;ga;Icelandic
1595;is;he;איסלנדית
1596;is;hi;Icelandic
1597;is;hr;Islandski
1598;is;hu;izlandi
1599;is;hy;Icelandic
1600;is;id;Icelandic
1601;is;is;Íslenska
1602;is;it;Islandese
1603;is;ja;アイスランド語
1604;is;ko;아이슬랜드어
1605;is;ku;Icelandic
1606;is;la;Icelandic
1607;is;lv;Icelandic
1608;is;lt;Icelandic
1609;is;mk;Icelandic
1610;is;mt;Icelandic
1611;is;mn;Icelandic
1612;is;ne;Icelandic
1613;is;nl;Ijslands
1614;is;nb;Islandsk
1615;is;pa;Icelandic
1616;is;pl;islandzki
1617;is;pt-pt;Islandês
1618;is;pt-br;Islandês
1619;is;qu;Icelandic
1620;is;ro;Islandeză
1621;is;ru;Исландский
1622;is;sl;Islandski
1623;is;so;Icelandic
1624;is;sq;Icelandic
1625;is;sr;исландски
1626;is;sv;Isländska
1627;is;ta;Icelandic
1628;is;th;ไอซ์แลนด์
1629;is;tr;İzlandaca
1630;is;uk;Icelandic
1631;is;ur;Icelandic
1632;is;uz;Icelandic
1633;is;vi;Icelandic
1634;is;yi;Icelandic
1635;is;zh-hans;冰岛语
1636;is;zu;Icelandic
1637;is;zh-hant;冰島語
1638;is;ms;Icelandic
1639;it;en;Italian
1640;it;es;Italiano
1641;it;de;Italienisch
1642;it;fr;Italien
1643;it;ar;الإيطالية
1644;it;bs;Italian
1645;it;bg;Италиански
1646;it;ca;Italian
1647;it;cs;Ital
1648;it;sk;Taliančina
1649;it;cy;Italian
1650;it;da;Italian
1651;it;el;Ιταλικα
1652;it;eo;Italian
1653;it;et;Italian
1654;it;eu;Italian
1655;it;fa;Italian
1656;it;fi;italia
1657;it;ga;Italian
1658;it;he;איטלקית
1659;it;hi;Italian
1660;it;hr;Talijanski
1661;it;hu;olasz
1662;it;hy;Italian
1663;it;id;Italian
1664;it;is;Italian
1665;it;it;Italiano
1666;it;ja;イタリア語
1667;it;ko;이태리어
1668;it;ku;Italian
1669;it;la;Italian
1670;it;lv;Italian
1671;it;lt;Italian
1672;it;mk;Italian
1673;it;mt;Italian
1674;it;mn;Italian
1675;it;ne;Italian
1676;it;nl;Italiaans
1677;it;nb;Italiensk
1678;it;pa;Italian
1679;it;pl;włoski
1680;it;pt-pt;Italiano
1681;it;pt-br;Italiano
1682;it;qu;Italian
1683;it;ro;Italiană
1684;it;ru;Итальянский
1685;it;sl;Italijanski
1686;it;so;Italian
1687;it;sq;Italian
1688;it;sr;италијански
1689;it;sv;Italienska
1690;it;ta;Italian
1691;it;th;อิตาลี
1692;it;tr;İtalyanca
1693;it;uk;Italian
1694;it;ur;Italian
1695;it;uz;Italian
1696;it;vi;Italian
1697;it;yi;Italian
1698;it;zh-hans;意大利语
1699;it;zu;Italian
1700;it;zh-hant;義大利語
1701;it;ms;Italian
1702;ja;en;Japanese
1703;ja;es;Japonés
1704;ja;de;Japanisch
1705;ja;fr;Japonais
1706;ja;ar;اليابانية
1707;ja;bs;Japanese
1708;ja;bg;Японски
1709;ja;ca;Japanese
1710;ja;cs;Japonský
1711;ja;sk;Japonština
1712;ja;cy;Japanese
1713;ja;da;Japanese
1714;ja;el;Ιαπωνικα
1715;ja;eo;Japanese
1716;ja;et;Japanese
1717;ja;eu;Japanese
1718;ja;fa;Japanese
1719;ja;fi;japani
1720;ja;ga;Japanese
1721;ja;he;יפנית
1722;ja;hi;Japanese
1723;ja;hr;Japanski
1724;ja;hu;japán
1725;ja;hy;Japanese
1726;ja;id;Japanese
1727;ja;is;Japanese
1728;ja;it;Giapponese
1729;ja;ja;日本語
1730;ja;ko;일어
1731;ja;ku;Japanese
1732;ja;la;Japanese
1733;ja;lv;Japanese
1734;ja;lt;Japanese
1735;ja;mk;Japanese
1736;ja;mt;Japanese
1737;ja;mn;Japanese
1738;ja;ne;Japanese
1739;ja;nl;Japans
1740;ja;nb;Japansk
1741;ja;pa;Japanese
1742;ja;pl;japoński
1743;ja;pt-pt;Japonês
1744;ja;pt-br;Japonês
1745;ja;qu;Japanese
1746;ja;ro;Japoneză
1747;ja;ru;Японский
1748;ja;sl;Japonski
1749;ja;so;Japanese
1750;ja;sq;Japanese
1751;ja;sr;јапански
1752;ja;sv;Japanska
1753;ja;ta;Japanese
1754;ja;th;ญี่ปุ่น
1755;ja;tr;Japonca
1756;ja;uk;Japanese
1757;ja;ur;Japanese
1758;ja;uz;Japanese
1759;ja;vi;Japanese
1760;ja;yi;Japanese
1761;ja;zh-hans;日语
1762;ja;zu;Japanese
1763;ja;zh-hant;日語
1764;ja;ms;Japanese
1765;ko;en;Korean
1766;ko;es;Coreano
1767;ko;de;Koreanisch
1768;ko;fr;Coréen
1769;ko;ar;الكورية
1770;ko;bs;Korean
1771;ko;bg;Корейски
1772;ko;ca;Korean
1773;ko;cs;Korejský
1774;ko;sk;Kórejčina
1775;ko;cy;Korean
1776;ko;da;Korean
1777;ko;el;Κορεατικα
1778;ko;eo;Korean
1779;ko;et;Korean
1780;ko;eu;Korean
1781;ko;fa;Korean
1782;ko;fi;korea
1783;ko;ga;Korean
1784;ko;he;קוראנית
1785;ko;hi;Korean
1786;ko;hr;Korejski
1787;ko;hu;koreai
1788;ko;hy;Korean
1789;ko;id;Korean
1790;ko;is;Korean
1791;ko;it;Coreano
1792;ko;ja;韓国語
1793;ko;ko;한국어
1794;ko;ku;Korean
1795;ko;la;Korean
1796;ko;lv;Korean
1797;ko;lt;Korean
1798;ko;mk;Korean
1799;ko;mt;Korean
1800;ko;mn;Korean
1801;ko;ne;Korean
1802;ko;nl;Koreaans
1803;ko;nb;Koreanske
1804;ko;pa;Korean
1805;ko;pl;koreański
1806;ko;pt-pt;Coreano
1807;ko;pt-br;Coreano
1808;ko;qu;Korean
1809;ko;ro;Coreană
1810;ko;ru;Корейский
1811;ko;sl;Korejski
1812;ko;so;Korean
1813;ko;sq;Korean
1814;ko;sr;корејски
1815;ko;sv;Koreanska
1816;ko;ta;Korean
1817;ko;th;เกาหลี
1818;ko;tr;Kore dili
1819;ko;uk;Korean
1820;ko;ur;Korean
1821;ko;uz;Korean
1822;ko;vi;Korean
1823;ko;yi;Korean
1824;ko;zh-hans;韩语
1825;ko;zu;Korean
1826;ko;zh-hant;韓語
1827;ko;ms;Korean
1828;ku;en;Kurdish
1829;ku;es;Kurdo
1830;ku;de;Kurdisch
1831;ku;fr;Kurde
1832;ku;ar;الكردية
1833;ku;bs;Kurdish
1834;ku;bg;Кюрдски
1835;ku;ca;Kurdish
1836;ku;cs;Kurdský
1837;ku;sk;Kurdština
1838;ku;cy;Kurdish
1839;ku;da;Kurdish
1840;ku;el;Κουρδικα
1841;ku;eo;Kurdish
1842;ku;et;Kurdish
1843;ku;eu;Kurdish
1844;ku;fa;Kurdish
1845;ku;fi;kurdi
1846;ku;ga;Kurdish
1847;ku;he;כורדית
1848;ku;hi;Kurdish
1849;ku;hr;Kurdski
1850;ku;hu;kurd
1851;ku;hy;Kurdish
1852;ku;id;Kurdish
1853;ku;is;Kurdish
1854;ku;it;Curdo
1855;ku;ja;クルド語
1856;ku;ko;쿠르드어
1857;ku;ku;Kurdish
1858;ku;la;Kurdish
1859;ku;lv;Kurdish
1860;ku;lt;Kurdish
1861;ku;mk;Kurdish
1862;ku;mt;Kurdish
1863;ku;mn;Kurdish
1864;ku;ne;Kurdish
1865;ku;nl;Koerdish
1866;ku;nb;Kurdisk
1867;ku;pa;Kurdish
1868;ku;pl;kurdyjski
1869;ku;pt-pt;Curdo
1870;ku;pt-br;Curdo
1871;ku;qu;Kurdish
1872;ku;ro;Kurdă
1873;ku;ru;Курдский
1874;ku;sl;Kurdščina
1875;ku;so;Kurdish
1876;ku;sq;Kurdish
1877;ku;sr;курдски
1878;ku;sv;Kurdiska
1879;ku;ta;Kurdish
1880;ku;th;เคอร์ดิช
1881;ku;tr;Kürtçe
1882;ku;uk;Kurdish
1883;ku;ur;Kurdish
1884;ku;uz;Kurdish
1885;ku;vi;Kurdish
1886;ku;yi;Kurdish
1887;ku;zh-hans;库尔德语
1888;ku;zu;Kurdish
1889;ku;zh-hant;庫爾德語
1890;ku;ms;Kurdish
1891;la;en;Latin
1892;la;es;Latín
1893;la;de;Latein
1894;la;fr;Latin
1895;la;ar;اللاتينية
1896;la;bs;Latin
1897;la;bg;Латински
1898;la;ca;Latin
1899;la;cs;Latina
1900;la;sk;Latinčina
1901;la;cy;Latin
1902;la;da;Latin
1903;la;el;Λατινικη
1904;la;eo;Latin
1905;la;et;Latin
1906;la;eu;Latin
1907;la;fa;Latin
1908;la;fi;latina
1909;la;ga;Latin
1910;la;he;לטינית
1911;la;hi;Latin
1912;la;hr;Latin
1913;la;hu;latin
1914;la;hy;Latin
1915;la;id;Latin
1916;la;is;Latin
1917;la;it;Latino
1918;la;ja;ラテン語
1919;la;ko;라틴어
1920;la;ku;Latin
1921;la;la;Latin
1922;la;lv;Latin
1923;la;lt;Latin
1924;la;mk;Latin
1925;la;mt;Latin
1926;la;mn;Latin
1927;la;ne;Latin
1928;la;nl;Latijn
1929;la;nb;Latin
1930;la;pa;Latin
1931;la;pl;łaciński
1932;la;pt-pt;Latim
1933;la;pt-br;Latim
1934;la;qu;Latin
1935;la;ro;Latină
1936;la;ru;Латинский
1937;la;sl;Latinščina
1938;la;so;Latin
1939;la;sq;Latin
1940;la;sr;латински
1941;la;sv;Latin
1942;la;ta;Latin
1943;la;th;ละติน
1944;la;tr;Latince
1945;la;uk;Latin
1946;la;ur;Latin
1947;la;uz;Latin
1948;la;vi;Latin
1949;la;yi;Latin
1950;la;zh-hans;拉丁语
1951;la;zu;Latin
1952;la;zh-hant;拉丁語
1953;la;ms;Latin
1954;lv;en;Latvian
1955;lv;es;Letón
1956;lv;de;Lettisch
1957;lv;fr;Letton
1958;lv;ar;اللاتفية
1959;lv;bs;Latvian
1960;lv;bg;Латвийски
1961;lv;ca;Latvian
1962;lv;cs;Lotyština
1963;lv;sk;Lotyština
1964;lv;cy;Latvian
1965;lv;da;Latvian
1966;lv;el;Λετονικα
1967;lv;eo;Latvian
1968;lv;et;Latvian
1969;lv;eu;Latvian
1970;lv;fa;Latvian
1971;lv;fi;latvia
1972;lv;ga;Latvian
1973;lv;he;לטבית
1974;lv;hi;Latvian
1975;lv;hr;Letonski
1976;lv;hu;lett
1977;lv;hy;Latvian
1978;lv;id;Latvian
1979;lv;is;Latvian
1980;lv;it;Lettone
1981;lv;ja;ラトビア語
1982;lv;ko;라트비아어
1983;lv;ku;Latvian
1984;lv;la;Latvian
1985;lv;lv;Latviešu
1986;lv;lt;Latvian
1987;lv;mk;Latvian
1988;lv;mt;Latvian
1989;lv;mn;Latvian
1990;lv;ne;Latvian
1991;lv;nl;Lets
1992;lv;nb;Latvisk
1993;lv;pa;Latvian
1994;lv;pl;łotewski
1995;lv;pt-pt;Letão
1996;lv;pt-br;Letão
1997;lv;qu;Latvian
1998;lv;ro;Letoniană
1999;lv;ru;латышский
2000;lv;sl;Latvijščina
2001;lv;so;Latvian
2002;lv;sq;Latvian
2003;lv;sr;летонски
2004;lv;sv;Lettiska
2005;lv;ta;Latvian
2006;lv;th;ลัตเวีย
2007;lv;tr;Letonca
2008;lv;uk;Latvian
2009;lv;ur;Latvian
2010;lv;uz;Latvian
2011;lv;vi;Latvian
2012;lv;yi;Latvian
2013;lv;zh-hans;拉脱维亚语
2014;lv;zu;Latvian
2015;lv;zh-hant;拉脫維亞語
2016;lv;ms;Latvian
2017;lt;en;Lithuanian
2018;lt;es;Lituano
2019;lt;de;Litauisch
2020;lt;fr;Lituanien
2021;lt;ar;اللتوانية
2022;lt;bs;Lithuanian
2023;lt;bg;Литовски
2024;lt;ca;Lithuanian
2025;lt;cs;litevský
2026;lt;sk;Litovčina
2027;lt;cy;Lithuanian
2028;lt;da;Lithuanian
2029;lt;el;Λιθουανικα
2030;lt;eo;Lithuanian
2031;lt;et;Lithuanian
2032;lt;eu;Lithuanian
2033;lt;fa;Lithuanian
2034;lt;fi;liettua
2035;lt;ga;Lithuanian
2036;lt;he;ליטאית
2037;lt;hi;Lithuanian
2038;lt;hr;Litvanski
2039;lt;hu;litván
2040;lt;hy;Lithuanian
2041;lt;id;Lithuanian
2042;lt;is;Lithuanian
2043;lt;it;Lituano
2044;lt;ja;リトアニア語
2045;lt;ko;리투아니아어
2046;lt;ku;Lithuanian
2047;lt;la;Lithuanian
2048;lt;lv;Lithuanian
2049;lt;lt;Lietuvos
2050;lt;mk;Lithuanian
2051;lt;mt;Lithuanian
2052;lt;mn;Lithuanian
2053;lt;ne;Lithuanian
2054;lt;nl;Litouws
2055;lt;nb;Litauisk
2056;lt;pa;Lithuanian
2057;lt;pl;litewski
2058;lt;pt-pt;Lituano
2059;lt;pt-br;Lituano
2060;lt;qu;Lithuanian
2061;lt;ro;Lituaniană
2062;lt;ru;Литовский
2063;lt;sl;Litovščina
2064;lt;so;Lithuanian
2065;lt;sq;Lithuanian
2066;lt;sr;литвански
2067;lt;sv;Litauiska
2068;lt;ta;Lithuanian
2069;lt;th;ลิธัวเนีย
2070;lt;tr;Litvanyaca
2071;lt;uk;Lithuanian
2072;lt;ur;Lithuanian
2073;lt;uz;Lithuanian
2074;lt;vi;Lithuanian
2075;lt;yi;Lithuanian
2076;lt;zh-hans;立陶宛语
2077;lt;zu;Lithuanian
2078;lt;zh-hant;立陶宛語
2079;lt;ms;Lithuanian
2080;mk;en;Macedonian
2081;mk;es;Macedonio
2082;mk;de;Mazedonisch
2083;mk;fr;Macédonien
2084;mk;ar;المقدونية
2085;mk;bs;Macedonian
2086;mk;bg;Македонски
2087;mk;ca;Macedonian
2088;mk;cs;Makedonský
2089;mk;sk;Macedónština
2090;mk;cy;Macedonian
2091;mk;da;Macedonian
2092;mk;el;Μακεδονικο
2093;mk;eo;Macedonian
2094;mk;et;Macedonian
2095;mk;eu;Macedonian
2096;mk;fa;Macedonian
2097;mk;fi;makedonia
2098;mk;ga;Macedonian
2099;mk;he;מקדונית
2100;mk;hi;Macedonian
2101;mk;hr;Makedonski
2102;mk;hu;macedón
2103;mk;hy;Macedonian
2104;mk;id;Macedonian
2105;mk;is;Macedonian
2106;mk;it;Macedone
2107;mk;ja;マケドニア語
2108;mk;ko;마케도니아어
2109;mk;ku;Macedonian
2110;mk;la;Macedonian
2111;mk;lv;Macedonian
2112;mk;lt;Macedonian
2113;mk;mk;македонски
2114;mk;mt;Macedonian
2115;mk;mn;Macedonian
2116;mk;ne;Macedonian
2117;mk;nl;Macedonisch
2118;mk;nb;Makedonsk
2119;mk;pa;Macedonian
2120;mk;pl;macedoński
2121;mk;pt-pt;Macedônio
2122;mk;pt-br;Macedônio
2123;mk;qu;Macedonian
2124;mk;ro;Macedoniană
2125;mk;ru;Македонский
2126;mk;sl;Makedonski
2127;mk;so;Macedonian
2128;mk;sq;Macedonian
2129;mk;sr;македонски
2130;mk;sv;Makedonska
2131;mk;ta;Macedonian
2132;mk;th;มาซิโดเนีย
2133;mk;tr;Makedonyaca
2134;mk;uk;Macedonian
2135;mk;ur;Macedonian
2136;mk;uz;Macedonian
2137;mk;vi;Macedonian
2138;mk;yi;Macedonian
2139;mk;zh-hans;马其顿语
2140;mk;zu;Macedonian
2141;mk;zh-hant;馬其頓語
2142;mk;ms;Macedonian
2143;mt;en;Maltese
2144;mt;es;Maltés
2145;mt;de;Maltesisch
2146;mt;fr;Maltais
2147;mt;ar;المالطية
2148;mt;bs;Maltese
2149;mt;bg;Малтийски
2150;mt;ca;Maltese
2151;mt;cs;Maltština
2152;mt;sk;Maltézština
2153;mt;cy;Maltese
2154;mt;da;Maltese
2155;mt;el;Μαλτεζικα
2156;mt;eo;Maltese
2157;mt;et;Maltese
2158;mt;eu;Maltese
2159;mt;fa;Maltese
2160;mt;fi;malta
2161;mt;ga;Maltese
2162;mt;he;מלטזית
2163;mt;hi;Maltese
2164;mt;hr;Malteški
2165;mt;hu;máltai
2166;mt;hy;Maltese
2167;mt;id;Maltese
2168;mt;is;Maltese
2169;mt;it;Maltese
2170;mt;ja;マルタ語
2171;mt;ko;몰타어
2172;mt;ku;Maltese
2173;mt;la;Maltese
2174;mt;lv;Maltese
2175;mt;lt;Maltese
2176;mt;mk;Maltese
2177;mt;mt;Malti
2178;mt;mn;Maltese
2179;mt;ne;Maltese
2180;mt;nl;Maltees
2181;mt;nb;Maltese
2182;mt;pa;Maltese
2183;mt;pl;maltański
2184;mt;pt-pt;Maltês
2185;mt;pt-br;Maltês
2186;mt;qu;Maltese
2187;mt;ro;Malteză
2188;mt;ru;Мальтийский
2189;mt;sl;Malteški
2190;mt;so;Maltese
2191;mt;sq;Maltese
2192;mt;sr;малтешки
2193;mt;sv;Maltesiska
2194;mt;ta;Maltese
2195;mt;th;มอลทีส
2196;mt;tr;Malta dili
2197;mt;uk;Maltese
2198;mt;ur;Maltese
2199;mt;uz;Maltese
2200;mt;vi;Maltese
2201;mt;yi;Maltese
2202;mt;zh-hans;马耳他语
2203;mt;zu;Maltese
2204;mt;zh-hant;馬爾他語
2205;mt;ms;Maltese
2206;mn;en;Mongolian
2207;mn;es;Mongol
2208;mn;de;Mongolisch
2209;mn;fr;Mongol
2210;mn;ar;المنغولية
2211;mn;bs;Mongolian
2212;mn;bg;Монголски
2213;mn;ca;Mongolian
2214;mn;cs;Mongolský
2215;mn;sk;Mongolština
2216;mn;cy;Mongolian
2217;mn;da;Mongolian
2218;mn;el;Μογγολικα
2219;mn;eo;Mongolian
2220;mn;et;Mongolian
2221;mn;eu;Mongolian
2222;mn;fa;Mongolian
2223;mn;fi;mongoli
2224;mn;ga;Mongolian
2225;mn;he;מונגולית
2226;mn;hi;Mongolian
2227;mn;hr;Mongolski
2228;mn;hu;mongol
2229;mn;hy;Mongolian
2230;mn;id;Mongolian
2231;mn;is;Mongolian
2232;mn;it;Mongolo
2233;mn;ja;モンゴル語
2234;mn;ko;몽골어
2235;mn;ku;Mongolian
2236;mn;la;Mongolian
2237;mn;lv;Mongolian
2238;mn;lt;Mongolian
2239;mn;mk;Mongolian
2240;mn;mt;Mongolian
2241;mn;mn;Mongolian
2242;mn;ne;Mongolian
2243;mn;nl;Mongools
2244;mn;nb;Mongolsk
2245;mn;pa;Mongolian
2246;mn;pl;mongolski
2247;mn;pt-pt;Mongolian
2248;mn;pt-br;Mongolian
2249;mn;qu;Mongolian
2250;mn;ro;Mongoleză
2251;mn;ru;Монгольский
2252;mn;sl;Mongolski
2253;mn;so;Mongolian
2254;mn;sq;Mongolian
2255;mn;sr;монголски
2256;mn;sv;Mongoliska
2257;mn;ta;Mongolian
2258;mn;th;มองโกเลีย
2259;mn;tr;Mongolca
2260;mn;uk;Mongolian
2261;mn;ur;Mongolian
2262;mn;uz;Mongolian
2263;mn;vi;Mongolian
2264;mn;yi;Mongolian
2265;mn;zh-hans;蒙古语
2266;mn;zu;Mongolian
2267;mn;zh-hant;蒙古語
2268;mn;ms;Mongolian
2269;ne;en;Nepali
2270;ne;es;Nepalí
2271;ne;de;Nepali
2272;ne;fr;Népalais
2273;ne;ar;النيبالية
2274;ne;bs;Nepali
2275;ne;bg;Непалски
2276;ne;ca;Nepali
2277;ne;cs;Nepálský
2278;ne;sk;Nepálčina
2279;ne;cy;Nepali
2280;ne;da;Nepali
2281;ne;el;Νεπαλι
2282;ne;eo;Nepali
2283;ne;et;Nepali
2284;ne;eu;Nepali
2285;ne;fa;Nepali
2286;ne;fi;nepali
2287;ne;ga;Nepali
2288;ne;he;נפאלית
2289;ne;hi;Nepali
2290;ne;hr;Nepalski
2291;ne;hu;nepáli
2292;ne;hy;Nepali
2293;ne;id;Nepali
2294;ne;is;Nepali
2295;ne;it;Nepalese
2296;ne;ja;ネパール語
2297;ne;ko;네팔어
2298;ne;ku;Nepali
2299;ne;la;Nepali
2300;ne;lv;Nepali
2301;ne;lt;Nepali
2302;ne;mk;Nepali
2303;ne;mt;Nepali
2304;ne;mn;Nepali
2305;ne;ne;Nepali
2306;ne;nl;Nepalees
2307;ne;nb;Nepali
2308;ne;pa;Nepali
2309;ne;pl;nepalski
2310;ne;pt-pt;Nepali
2311;ne;pt-br;Nepali
2312;ne;qu;Nepali
2313;ne;ro;Nepaleză
2314;ne;ru;Непальский
2315;ne;sl;Nepalščina
2316;ne;so;Nepali
2317;ne;sq;Nepali
2318;ne;sr;непалски
2319;ne;sv;Nepalesiska
2320;ne;ta;Nepali
2321;ne;th;เนปาล
2322;ne;tr;Nepal dili
2323;ne;uk;Nepali
2324;ne;ur;Nepali
2325;ne;uz;Nepali
2326;ne;vi;Nepali
2327;ne;yi;Nepali
2328;ne;zh-hans;尼泊尔语
2329;ne;zu;Nepali
2330;ne;zh-hant;尼泊爾語
2331;ne;ms;Nepali
2332;nl;en;Dutch
2333;nl;es;Holandés
2334;nl;de;Niederländisch
2335;nl;fr;Néerlandais
2336;nl;ar;الهولندية
2337;nl;bs;Dutch
2338;nl;bg;Холандски
2339;nl;ca;Dutch
2340;nl;cs;Holandský
2341;nl;sk;Holandčina
2342;nl;cy;Dutch
2343;nl;da;Dutch
2344;nl;el;Ολλανδικα
2345;nl;eo;Dutch
2346;nl;et;Dutch
2347;nl;eu;Dutch
2348;nl;fa;Dutch
2349;nl;fi;hollanti
2350;nl;ga;Dutch
2351;nl;he;הולנדית
2352;nl;hi;Dutch
2353;nl;hr;Holandski
2354;nl;hu;holland
2355;nl;hy;Dutch
2356;nl;id;Dutch
2357;nl;is;Dutch
2358;nl;it;Olandese
2359;nl;ja;オランダ語
2360;nl;ko;화란어
2361;nl;ku;Dutch
2362;nl;la;Dutch
2363;nl;lv;Dutch
2364;nl;lt;Dutch
2365;nl;mk;Dutch
2366;nl;mt;Dutch
2367;nl;mn;Dutch
2368;nl;ne;Dutch
2369;nl;nl;Nederlands
2370;nl;nb;Nederlandsk
2371;nl;pa;Dutch
2372;nl;pl;holenderski
2373;nl;pt-pt;Holandês
2374;nl;pt-br;Holandês
2375;nl;qu;Dutch
2376;nl;ro;Olaneză
2377;nl;ru;Голландский
2378;nl;sl;Nizozemščina
2379;nl;so;Dutch
2380;nl;sq;Dutch
2381;nl;sr;холандски
2382;nl;sv;Nederländska
2383;nl;ta;Dutch
2384;nl;th;ดัตช์
2385;nl;tr;Hollandaca
2386;nl;uk;Dutch
2387;nl;ur;Dutch
2388;nl;uz;Dutch
2389;nl;vi;Dutch
2390;nl;yi;Dutch
2391;nl;zh-hans;荷兰语
2392;nl;zu;Dutch
2393;nl;zh-hant;荷蘭語
2394;nl;ms;Dutch
2395;nb;en;Norwegian Bokmål
2396;nb;es;Bokmål
2397;nb;de;Norwegisch (Buchsprache)
2398;nb;fr;Norvégien Bokmål
2399;nb;ar;البوكمالية النرويجية
2400;nb;bs;Norwegian Bokmål
2401;nb;bg;Норвежки книжовен
2402;nb;ca;Norwegian Bokmål
2403;nb;cs;Norwegian bokmål
2404;nb;sk;Nórsky jazyk Bokmål
2405;nb;cy;Norwegian Bokmål
2406;nb;da;Norwegian Bokmål
2407;nb;el;Νορβηγικα
2408;nb;eo;Norwegian Bokmål
2409;nb;et;Norwegian Bokmål
2410;nb;eu;Norwegian Bokmål
2411;nb;fa;Norwegian Bokmål
2412;nb;fi;kirjanorja
2413;nb;ga;Norwegian Bokmål
2414;nb;he;נורווגית
2415;nb;hi;Norwegian Bokmål
2416;nb;hr;Književni norveški
2417;nb;hu;norvég bokmål
2418;nb;hy;Norwegian Bokmål
2419;nb;id;Norwegian Bokmål
2420;nb;is;Norwegian Bokmål
2421;nb;it;Norvegese Bokmål
2422;nb;ja;ノルウェー・ブークモール
2423;nb;ko;노르웨이 보크말어
2424;nb;ku;Norwegian Bokmål
2425;nb;la;Norwegian Bokmål
2426;nb;lv;Norwegian Bokmål
2427;nb;lt;Norwegian Bokmål
2428;nb;mk;Norwegian Bokmål
2429;nb;mt;Norwegian Bokmål
2430;nb;mn;Norwegian Bokmål
2431;nb;ne;Norwegian Bokmål
2432;nb;nl;Noors Bokmål
2433;nb;nb;Norsk bokmål
2434;nb;pa;Norwegian Bokmål
2435;nb;pl;norweski bokmål
2436;nb;pt-pt;Norueguês
2437;nb;pt-br;Norueguês
2438;nb;qu;Norwegian Bokmål
2439;nb;ro;Bokmål (norvegiană)
2440;nb;ru;Норвежский букмол
2441;nb;sl;Knjižna norveščina
2442;nb;so;Norwegian Bokmål
2443;nb;sq;Norwegian Bokmål
2444;nb;sr;Норвешки бокмал
2445;nb;sv;Norskt Bokmål
2446;nb;ta;Norwegian Bokmål
2447;nb;th;นอร์วิเจียนบอกมาล
2448;nb;tr;Bokmal Norveç dili
2449;nb;uk;Norwegian Bokmål
2450;nb;ur;Norwegian Bokmål
2451;nb;uz;Norwegian Bokmål
2452;nb;vi;Norwegian Bokmål
2453;nb;yi;Norwegian Bokmål
2454;nb;zh-hans;挪威布克莫尔语
2455;nb;zu;Norwegian Bokmål
2456;nb;zh-hant;挪威布克莫爾語
2457;nb;ms;Norwegian Bokmål
2458;pa;en;Punjabi
2459;pa;es;Panyabí
2460;pa;de;Pandschabi
2461;pa;fr;Panjabi
2462;pa;ar;البنجابية
2463;pa;bs;Punjabi
2464;pa;bg;Панджабски
2465;pa;ca;Punjabi
2466;pa;cs;Punjabi
2467;pa;sk;Pandžábčina
2468;pa;cy;Punjabi
2469;pa;da;Punjabi
2470;pa;el;Panjabi
2471;pa;eo;Punjabi
2472;pa;et;Punjabi
2473;pa;eu;Punjabi
2474;pa;fa;Punjabi
2475;pa;fi;pandzabi
2476;pa;ga;Punjabi
2477;pa;he;פנג'אבית
2478;pa;hi;Punjabi
2479;pa;hr;Pendžabljanin
2480;pa;hu;pandzsábi
2481;pa;hy;Punjabi
2482;pa;id;Punjabi
2483;pa;is;Punjabi
2484;pa;it;Panjabi
2485;pa;ja;パンジャーブ語
2486;pa;ko;펀자브어
2487;pa;ku;Punjabi
2488;pa;la;Punjabi
2489;pa;lv;Punjabi
2490;pa;lt;Punjabi
2491;pa;mk;Punjabi
2492;pa;mt;Punjabi
2493;pa;mn;Punjabi
2494;pa;ne;Punjabi
2495;pa;nl;Punjabi
2496;pa;nb;Punjabi
2497;pa;pa;Punjabi
2498;pa;pl;pendżabi
2499;pa;pt-pt;Panjabi
2500;pa;pt-br;Panjabi
2501;pa;qu;Punjabi
2502;pa;ro;Punjabi
2503;pa;ru;Панджаби
2504;pa;sl;Pandžabščina
2505;pa;so;Punjabi
2506;pa;sq;Punjabi
2507;pa;sr;панџаби
2508;pa;sv;Punjabi
2509;pa;ta;Punjabi
2510;pa;th;ปัญจาบ
2511;pa;tr;Pencapça
2512;pa;uk;Punjabi
2513;pa;ur;Punjabi
2514;pa;uz;Punjabi
2515;pa;vi;Punjabi
2516;pa;yi;Punjabi
2517;pa;zh-hans;旁遮普语
2518;pa;zu;Punjabi
2519;pa;zh-hant;旁遮普語
2520;pa;ms;Punjabi
2521;pl;en;Polish
2522;pl;es;Polaco
2523;pl;de;Polnisch
2524;pl;fr;Polonais
2525;pl;ar;البولندية
2526;pl;bs;Polish
2527;pl;bg;Полски
2528;pl;ca;Polish
2529;pl;cs;Polský
2530;pl;sk;Polština
2531;pl;cy;Polish
2532;pl;da;Polish
2533;pl;el;Πολωνικα
2534;pl;eo;Polish
2535;pl;et;Polish
2536;pl;eu;Polish
2537;pl;fa;Polish
2538;pl;fi;puola
2539;pl;ga;Polish
2540;pl;he;פולנית
2541;pl;hi;Polish
2542;pl;hr;Poljski
2543;pl;hu;lengyel
2544;pl;hy;Polish
2545;pl;id;Polish
2546;pl;is;Polish
2547;pl;it;Polacco
2548;pl;ja;ポーランド語
2549;pl;ko;폴란드어
2550;pl;ku;Polish
2551;pl;la;Polish
2552;pl;lv;Polish
2553;pl;lt;Polish
2554;pl;mk;Polish
2555;pl;mt;Polish
2556;pl;mn;Polish
2557;pl;ne;Polish
2558;pl;nl;Pools
2559;pl;nb;Polsk
2560;pl;pa;Polish
2561;pl;pl;polski
2562;pl;pt-pt;Polonês
2563;pl;pt-br;Polonês
2564;pl;qu;Polish
2565;pl;ro;Poloneză
2566;pl;ru;Польский
2567;pl;sl;Poljski
2568;pl;so;Polish
2569;pl;sq;Polish
2570;pl;sr;пољски
2571;pl;sv;Polska
2572;pl;ta;Polish
2573;pl;th;โปแลนด์
2574;pl;tr;Polonyaca
2575;pl;uk;Polish
2576;pl;ur;Polish
2577;pl;uz;Polish
2578;pl;vi;Polish
2579;pl;yi;Polish
2580;pl;zh-hans;波兰语
2581;pl;zu;Polish
2582;pl;zh-hant;波蘭語
2583;pl;ms;Polish
2584;pt-pt;en;Portuguese (Portugal)
2585;pt-pt;es;Portugués, Portugal
2586;pt-pt;de;Portugiesisch, Portugal
2587;pt-pt;fr;Portugais - du Portugal
2588;pt-pt;ar;البرتغالية ، البرتغال
2589;pt-pt;bs;Portuguese, Portugal
2590;pt-pt;bg;Португалски (Португалия)
2591;pt-pt;ca;Portuguese, Portugal
2592;pt-pt;cs;Portugalština ( Portugalsko)
2593;pt-pt;sk;Portugalština
2594;pt-pt;cy;Portuguese, Portugal
2595;pt-pt;da;Portuguese, Portugal
2596;pt-pt;el;Πορτογαλικα
2597;pt-pt;eo;Portuguese, Portugal
2598;pt-pt;et;Portuguese, Portugal
2599;pt-pt;eu;Portuguese, Portugal
2600;pt-pt;fa;Portuguese, Portugal
2601;pt-pt;fi;portugali
2602;pt-pt;ga;Portuguese, Portugal
2603;pt-pt;he;פורטוגזית
2604;pt-pt;hi;Portuguese, Portugal
2605;pt-pt;hr;Portugalski (Portugal)
2606;pt-pt;hu;portugál
2607;pt-pt;hy;Portuguese, Portugal
2608;pt-pt;id;Portuguese, Portugal
2609;pt-pt;is;Portuguese, Portugal
2610;pt-pt;it;Portoghese, Portogallo
2611;pt-pt;ja;ポルトガル語
2612;pt-pt;ko;포르투갈 포르투갈어
2613;pt-pt;ku;Portuguese, Portugal
2614;pt-pt;la;Portuguese, Portugal
2615;pt-pt;lv;Portuguese, Portugal
2616;pt-pt;lt;Portuguese, Portugal
2617;pt-pt;mk;Portuguese, Portugal
2618;pt-pt;mt;Portuguese, Portugal
2619;pt-pt;mn;Portuguese, Portugal
2620;pt-pt;ne;Portuguese, Portugal
2621;pt-pt;nl;Portugees, Portugal
2622;pt-pt;nb;Portugisisk (Portugal)
2623;pt-pt;pa;Portuguese, Portugal
2624;pt-pt;pl;portugalski, Portugalia
2625;pt-pt;pt-pt;Português
2626;pt-pt;pt-br;Português
2627;pt-pt;qu;Portuguese, Portugal
2628;pt-pt;ro;Portugheză (Portugalia)
2629;pt-pt;ru;Португальский, Португалия
2630;pt-pt;sl;Portugalščina ( Portugalska )
2631;pt-pt;so;Portuguese, Portugal
2632;pt-pt;sq;Portuguese, Portugal
2633;pt-pt;sr;Португалски (Португалија)
2634;pt-pt;sv;Portugisiska, Portugal
2635;pt-pt;ta;Portuguese, Portugal
2636;pt-pt;th;โปรตุเกส
2637;pt-pt;tr;Portekizce, Portekiz
2638;pt-pt;uk;Portuguese, Portugal
2639;pt-pt;ur;Portuguese, Portugal
2640;pt-pt;uz;Portuguese, Portugal
2641;pt-pt;vi;Portuguese, Portugal
2642;pt-pt;yi;Portuguese, Portugal
2643;pt-pt;zh-hans;葡萄牙语（葡萄牙）
2644;pt-pt;zu;Portuguese, Portugal
2645;pt-pt;zh-hant;葡萄牙語（葡萄牙）
2646;pt-pt;ms;Portuguese, Portugal
2647;pt-br;en;Portuguese (Brazil)
2648;pt-br;es;Portugués, Brasil
2649;pt-br;de;Portugiesisch, Brasilien
2650;pt-br;fr;Portugais - du Brésil
2651;pt-br;ar;البرتغالية ،البرازيل
2652;pt-br;bs;Portuguese, Brazil
2653;pt-br;bg;Португалски (Бразилия)
2654;pt-br;ca;Portuguese, Brazil
2655;pt-br;cs;Portugalština ( Brazílie)
2656;pt-br;sk;Brazílska Portugalština
2657;pt-br;cy;Portuguese, Brazil
2658;pt-br;da;Portuguese, Brazil
2659;pt-br;el;Πορτογαλικα
2660;pt-br;eo;Portuguese, Brazil
2661;pt-br;et;Portuguese, Brazil
2662;pt-br;eu;Portuguese, Brazil
2663;pt-br;fa;Portuguese, Brazil
2664;pt-br;fi;Brasilian portugali
2665;pt-br;ga;Portuguese, Brazil
2666;pt-br;he;פורטוגזית - ברזיל
2667;pt-br;hi;Portuguese, Brazil
2668;pt-br;hr;Portugalski (Brazil)
2669;pt-br;hu;brazil
2670;pt-br;hy;Portuguese, Brazil
2671;pt-br;id;Portuguese, Brazil
2672;pt-br;is;Portuguese, Brazil
2673;pt-br;it;Portoghese, Brasile
2674;pt-br;ja;ポルトガル語（ブラジル）
2675;pt-br;ko;브라질 포르투갈어
2676;pt-br;ku;Portuguese, Brazil
2677;pt-br;la;Portuguese, Brazil
2678;pt-br;lv;Portuguese, Brazil
2679;pt-br;lt;Portuguese, Brazil
2680;pt-br;mk;Portuguese, Brazil
2681;pt-br;mt;Portuguese, Brazil
2682;pt-br;mn;Portuguese, Brazil
2683;pt-br;ne;Portuguese, Brazil
2684;pt-br;nl;Portugees, Brazilië
2685;pt-br;nb;Portugisisk (Brasil)
2686;pt-br;pa;Portuguese, Brazil
2687;pt-br;pl;portugalski, Brazylia
2688;pt-br;pt-pt;Português
2689;pt-br;pt-br;Português
2690;pt-br;qu;Portuguese, Brazil
2691;pt-br;ro;Portugheză (Brazilia)
2692;pt-br;ru;Португальский, Бразилия
2693;pt-br;sl;Portugalščina ( Brazilija )
2694;pt-br;so;Portuguese, Brazil
2695;pt-br;sq;Portuguese, Brazil
2696;pt-br;sr;Португалски (Бразил)
2697;pt-br;sv;Portugisiska, Brasilien
2698;pt-br;ta;Portuguese, Brazil
2699;pt-br;th;โปรตุเกสบราซิล
2700;pt-br;tr;Portekizce, Brezilya
2701;pt-br;uk;Portuguese, Brazil
2702;pt-br;ur;Portuguese, Brazil
2703;pt-br;uz;Portuguese, Brazil
2704;pt-br;vi;Portuguese, Brazil
2705;pt-br;yi;Portuguese, Brazil
2706;pt-br;zh-hans;葡萄牙语（巴西）
2707;pt-br;zu;Portuguese, Brazil
2708;pt-br;zh-hant;葡萄牙語（巴西）
2709;pt-br;ms;Portuguese, Brazil
2710;qu;en;Quechua
2711;qu;es;Quechua
2712;qu;de;Quechua
2713;qu;fr;Quechua
2714;qu;ar;الكويتشوا
2715;qu;bs;Quechua
2716;qu;bg;Кечуа
2717;qu;ca;Quechua
2718;qu;cs;Quechua
2719;qu;sk;Jazyk Quechua
2720;qu;cy;Quechua
2721;qu;da;Quechua
2722;qu;el;Κετσουα
2723;qu;eo;Quechua
2724;qu;et;Quechua
2725;qu;eu;Quechua
2726;qu;fa;Quechua
2727;qu;fi;ketsua
2728;qu;ga;Quechua
2729;qu;he;קצ'ואה
2730;qu;hi;Quechua
2731;qu;hr;Quechua
2732;qu;hu;quechua
2733;qu;hy;Quechua
2734;qu;id;Quechua
2735;qu;is;Quechua
2736;qu;it;Quechua
2737;qu;ja;ケチュア語
2738;qu;ko;케추아어
2739;qu;ku;Quechua
2740;qu;la;Quechua
2741;qu;lv;Quechua
2742;qu;lt;Quechua
2743;qu;mk;Quechua
2744;qu;mt;Quechua
2745;qu;mn;Quechua
2746;qu;ne;Quechua
2747;qu;nl;Quechua
2748;qu;nb;Quechua
2749;qu;pa;Quechua
2750;qu;pl;keczua
2751;qu;pt-pt;Quechua
2752;qu;pt-br;Quechua
2753;qu;qu;Quechua
2754;qu;ro;Quechuană
2755;qu;ru;Кечуа
2756;qu;sl;Quechua
2757;qu;so;Quechua
2758;qu;sq;Quechua
2759;qu;sr;Кечуа
2760;qu;sv;Quechua
2761;qu;ta;Quechua
2762;qu;th;คิวชัว
2763;qu;tr;Quechua dili
2764;qu;uk;Quechua
2765;qu;ur;Quechua
2766;qu;uz;Quechua
2767;qu;vi;Quechua
2768;qu;yi;Quechua
2769;qu;zh-hans;盖丘亚语
2770;qu;zu;Quechua
2771;qu;zh-hant;蓋丘亞語
2772;qu;ms;Quechua
2773;ro;en;Romanian
2774;ro;es;Rumano
2775;ro;de;Rumänisch
2776;ro;fr;Roumain
2777;ro;ar;الرومانية
2778;ro;bs;Romanian
2779;ro;bg;Румънски
2780;ro;ca;Romanian
2781;ro;cs;Rumunština
2782;ro;sk;Rumunčina
2783;ro;cy;Romanian
2784;ro;da;Romanian
2785;ro;el;Ρουμανικα
2786;ro;eo;Romanian
2787;ro;et;Romanian
2788;ro;eu;Romanian
2789;ro;fa;Romanian
2790;ro;fi;romania
2791;ro;ga;Romanian
2792;ro;he;רומנית
2793;ro;hi;Romanian
2794;ro;hr;Rumunjski
2795;ro;hu;román
2796;ro;hy;Romanian
2797;ro;id;Romanian
2798;ro;is;Romanian
2799;ro;it;Rumeno
2800;ro;ja;ルーマニア語
2801;ro;ko;로마니아어
2802;ro;ku;Romanian
2803;ro;la;Romanian
2804;ro;lv;Romanian
2805;ro;lt;Romanian
2806;ro;mk;Romanian
2807;ro;mt;Romanian
2808;ro;mn;Romanian
2809;ro;ne;Romanian
2810;ro;nl;Roemeens
2811;ro;nb;Rumensk
2812;ro;pa;Romanian
2813;ro;pl;rumuński
2814;ro;pt-pt;Romeno
2815;ro;pt-br;Romeno
2816;ro;qu;Romanian
2817;ro;ro;Română
2818;ro;ru;Румынский
2819;ro;sl;Romunščina
2820;ro;so;Romanian
2821;ro;sq;Romanian
2822;ro;sr;румунски
2823;ro;sv;Rumänska
2824;ro;ta;Romanian
2825;ro;th;โรมาเนีย
2826;ro;tr;Rumence
2827;ro;uk;Romanian
2828;ro;ur;Romanian
2829;ro;uz;Romanian
2830;ro;vi;Romanian
2831;ro;yi;Romanian
2832;ro;zh-hans;罗马尼亚语
2833;ro;zu;Romanian
2834;ro;zh-hant;羅馬尼亞語
2835;ro;ms;Romanian
2836;ru;en;Russian
2837;ru;es;Ruso
2838;ru;de;Russisch
2839;ru;fr;Russe
2840;ru;ar;الروسية
2841;ru;bs;Russian
2842;ru;bg;Руски
2843;ru;ca;Russian
2844;ru;cs;Ruský
2845;ru;sk;Ruština
2846;ru;cy;Russian
2847;ru;da;Russian
2848;ru;el;Ρωσικα
2849;ru;eo;Russian
2850;ru;et;Russian
2851;ru;eu;Russian
2852;ru;fa;Russian
2853;ru;fi;venäjä
2854;ru;ga;Russian
2855;ru;he;רוסית
2856;ru;hi;Russian
2857;ru;hr;Ruski
2858;ru;hu;orosz
2859;ru;hy;Russian
2860;ru;id;Russian
2861;ru;is;Russian
2862;ru;it;Russo
2863;ru;ja;ロシア語
2864;ru;ko;러시아어
2865;ru;ku;Russian
2866;ru;la;Russian
2867;ru;lv;Russian
2868;ru;lt;Russian
2869;ru;mk;Russian
2870;ru;mt;Russian
2871;ru;mn;Russian
2872;ru;ne;Russian
2873;ru;nl;Russisch
2874;ru;nb;Russisk
2875;ru;pa;Russian
2876;ru;pl;rosyjski
2877;ru;pt-pt;Russo
2878;ru;pt-br;Russo
2879;ru;qu;Russian
2880;ru;ro;Rusă
2881;ru;ru;Русский
2882;ru;sl;Ruščina
2883;ru;so;Russian
2884;ru;sq;Russian
2885;ru;sr;руски
2886;ru;sv;Ryska
2887;ru;ta;Russian
2888;ru;th;รัสเซีย
2889;ru;tr;Rusça
2890;ru;uk;Russian
2891;ru;ur;Russian
2892;ru;uz;Russian
2893;ru;vi;Russian
2894;ru;yi;Russian
2895;ru;zh-hans;俄语
2896;ru;zu;Russian
2897;ru;zh-hant;俄語
2898;ru;ms;Russian
2899;sl;en;Slovenian
2900;sl;es;Esloveno
2901;sl;de;Slowenisch
2902;sl;fr;Slovène
2903;sl;ar;السلوفانية
2904;sl;bs;Slovenian
2905;sl;bg;Словенски
2906;sl;ca;Slovenian
2907;sl;cs;Slovinština
2908;sl;sk;Slovinčina
2909;sl;cy;Slovenian
2910;sl;da;Slovenian
2911;sl;el;Σλοβενικα
2912;sl;eo;Slovenian
2913;sl;et;Slovenian
2914;sl;eu;Slovenian
2915;sl;fa;Slovenian
2916;sl;fi;sloveeni
2917;sl;ga;Slovenian
2918;sl;he;סלובנית
2919;sl;hi;Slovenian
2920;sl;hr;Slovenac
2921;sl;hu;szlovén
2922;sl;hy;Slovenian
2923;sl;id;Slovenian
2924;sl;is;Slovenian
2925;sl;it;Sloveno
2926;sl;ja;スロベニア語
2927;sl;ko;슬로베니아어
2928;sl;ku;Slovenian
2929;sl;la;Slovenian
2930;sl;lv;Slovenian
2931;sl;lt;Slovenian
2932;sl;mk;Slovenian
2933;sl;mt;Slovenian
2934;sl;mn;Slovenian
2935;sl;ne;Slovenian
2936;sl;nl;Sloveens
2937;sl;nb;Slovensk
2938;sl;pa;Slovenian
2939;sl;pl;słoweński
2940;sl;pt-pt;Esloveno
2941;sl;pt-br;Esloveno
2942;sl;qu;Slovenian
2943;sl;ro;Slovenă
2944;sl;ru;Словенский
2945;sl;sl;Slovenščina
2946;sl;so;Slovenian
2947;sl;sq;Slovenian
2948;sl;sr;словеначки
2949;sl;sv;Slovenska
2950;sl;ta;Slovenian
2951;sl;th;สโลวีเนียน
2952;sl;tr;Sloven dili
2953;sl;uk;Slovenian
2954;sl;ur;Slovenian
2955;sl;uz;Slovenian
2956;sl;vi;Slovenian
2957;sl;yi;Slovenian
2958;sl;zh-hans;斯洛文尼亚语
2959;sl;zu;Slovenian
2960;sl;zh-hant;斯洛文尼亞語
2961;sl;ms;Slovenian
2962;so;en;Somali
2963;so;es;Somalí
2964;so;de;Somali
2965;so;fr;Somali
2966;so;ar;الصومالية
2967;so;bs;Somali
2968;so;bg;Сомалийски
2969;so;ca;Somali
2970;so;cs;Somali
2971;so;sk;Somálčina
2972;so;cy;Somali
2973;so;da;Somali
2974;so;el;Somali
2975;so;eo;Somali
2976;so;et;Somali
2977;so;eu;Somali
2978;so;fa;Somali
2979;so;fi;somali
2980;so;ga;Somali
2981;so;he;סומלית
2982;so;hi;Somali
2983;so;hr;Somalijski
2984;so;hu;szomáli
2985;so;hy;Somali
2986;so;id;Somali
2987;so;is;Somali
2988;so;it;Somalo
2989;so;ja;ソマリ語
2990;so;ko;소말리아어
2991;so;ku;Somali
2992;so;la;Somali
2993;so;lv;Somali
2994;so;lt;Somali
2995;so;mk;Somali
2996;so;mt;Somali
2997;so;mn;Somali
2998;so;ne;Somali
2999;so;nl;Somalisch
3000;so;nb;Somali
3001;so;pa;Somali
3002;so;pl;somalijski
3003;so;pt-pt;Somali
3004;so;pt-br;Somali
3005;so;qu;Somali
3006;so;ro;Somaleză
3007;so;ru;Сомалийский
3008;so;sl;Somalski
3009;so;so;Somali
3010;so;sq;Somali
3011;so;sr;Сомалијски
3012;so;sv;Somaliska
3013;so;ta;Somali
3014;so;th;โซมาลี
3015;so;tr;Somalice
3016;so;uk;Somali
3017;so;ur;Somali
3018;so;uz;Somali
3019;so;vi;Somali
3020;so;yi;Somali
3021;so;zh-hans;索马里语
3022;so;zu;Somali
3023;so;zh-hant;索馬里語
3024;so;ms;Somali
3025;sq;en;Albanian
3026;sq;es;Albanés
3027;sq;de;Albanisch
3028;sq;fr;Albanais
3029;sq;ar;الألبانية
3030;sq;bs;Albanian
3031;sq;bg;Албански
3032;sq;ca;Albanian
3033;sq;cs;Albánský
3034;sq;sk;Albánčina
3035;sq;cy;Albanian
3036;sq;da;Albanian
3037;sq;el;Αλβανικα
3038;sq;eo;Albanian
3039;sq;et;Albanian
3040;sq;eu;Albanian
3041;sq;fa;Albanian
3042;sq;fi;albania
3043;sq;ga;Albanian
3044;sq;he;אלבנית
3045;sq;hi;Albanian
3046;sq;hr;Albanac
3047;sq;hu;albán
3048;sq;hy;Albanian
3049;sq;id;Albanian
3050;sq;is;Albanian
3051;sq;it;Albanese
3052;sq;ja;アルバニア語
3053;sq;ko;알바니아어
3054;sq;ku;Albanian
3055;sq;la;Albanian
3056;sq;lv;Albanian
3057;sq;lt;Albanian
3058;sq;mk;Albanian
3059;sq;mt;Albanian
3060;sq;mn;Albanian
3061;sq;ne;Albanian
3062;sq;nl;Albaans
3063;sq;nb;Albansk
3064;sq;pa;Albanian
3065;sq;pl;albański
3066;sq;pt-pt;Albanês
3067;sq;pt-br;Albanês
3068;sq;qu;Albanian
3069;sq;ro;Albaneză
3070;sq;ru;Албанский
3071;sq;sl;Albanski
3072;sq;so;Albanian
3073;sq;sq;Albanian
3074;sq;sr;албански
3075;sq;sv;Albanska
3076;sq;ta;Albanian
3077;sq;th;อัลเบเนีย
3078;sq;tr;Arnavutça
3079;sq;uk;Albanian
3080;sq;ur;Albanian
3081;sq;uz;Albanian
3082;sq;vi;Albanian
3083;sq;yi;Albanian
3084;sq;zh-hans;阿尔巴尼亚语
3085;sq;zu;Albanian
3086;sq;zh-hant;阿爾巴尼亞語
3087;sq;ms;Albanian
3088;sr;en;Serbian
3089;sr;es;Serbio
3090;sr;de;Serbisch
3091;sr;fr;Serbe
3092;sr;ar;الصربية
3093;sr;bs;Serbian
3094;sr;bg;Сръбски
3095;sr;ca;Serbian
3096;sr;cs;Srbský
3097;sr;sk;Srbština
3098;sr;cy;Serbian
3099;sr;da;Serbian
3100;sr;el;Σερβικα
3101;sr;eo;Serbian
3102;sr;et;Serbian
3103;sr;eu;Serbian
3104;sr;fa;Serbian
3105;sr;fi;serbia
3106;sr;ga;Serbian
3107;sr;he;סרבית
3108;sr;hi;Serbian
3109;sr;hr;Srpski
3110;sr;hu;szerb
3111;sr;hy;Serbian
3112;sr;id;Serbian
3113;sr;is;Serbian
3114;sr;it;Serbo
3115;sr;ja;セルビア語
3116;sr;ko;세르비아어
3117;sr;ku;Serbian
3118;sr;la;Serbian
3119;sr;lv;Serbian
3120;sr;lt;Serbian
3121;sr;mk;Serbian
3122;sr;mt;Serbian
3123;sr;mn;Serbian
3124;sr;ne;Serbian
3125;sr;nl;Servisch
3126;sr;nb;Serbisk
3127;sr;pa;Serbian
3128;sr;pl;serbski
3129;sr;pt-pt;Sérvio
3130;sr;pt-br;Sérvio
3131;sr;qu;Serbian
3132;sr;ro;Sârbă
3133;sr;ru;Сербский
3134;sr;sl;Srbski
3135;sr;so;Serbian
3136;sr;sq;Serbian
3137;sr;sr;српски
3138;sr;sv;Serbiska
3139;sr;ta;Serbian
3140;sr;th;เซอร์เบีย
3141;sr;tr;Sırpça
3142;sr;uk;Serbian
3143;sr;ur;Serbian
3144;sr;uz;Serbian
3145;sr;vi;Serbian
3146;sr;yi;Serbian
3147;sr;zh-hans;赛尔维亚语
3148;sr;zu;Serbian
3149;sr;zh-hant;賽爾維亞語
3150;sr;ms;Serbian
3151;sv;en;Swedish
3152;sv;es;Sueco
3153;sv;de;Schwedisch
3154;sv;fr;Suédois
3155;sv;ar;السويدية
3156;sv;bs;Swedish
3157;sv;bg;Шведски
3158;sv;ca;Swedish
3159;sv;cs;Švédský
3160;sv;sk;Švédština
3161;sv;cy;Swedish
3162;sv;da;Swedish
3163;sv;el;Σουηδικη
3164;sv;eo;Swedish
3165;sv;et;Swedish
3166;sv;eu;Swedish
3167;sv;fa;Swedish
3168;sv;fi;ruotsi
3169;sv;ga;Swedish
3170;sv;he;שוודית
3171;sv;hi;Swedish
3172;sv;hr;švedski
3173;sv;hu;svéd
3174;sv;hy;Swedish
3175;sv;id;Swedish
3176;sv;is;Swedish
3177;sv;it;Svedese
3178;sv;ja;スウェーデン語
3179;sv;ko;스웨덴어
3180;sv;ku;Swedish
3181;sv;la;Swedish
3182;sv;lv;Swedish
3183;sv;lt;Swedish
3184;sv;mk;Swedish
3185;sv;mt;Swedish
3186;sv;mn;Swedish
3187;sv;ne;Swedish
3188;sv;nl;Zweeds
3189;sv;nb;Swedish
3190;sv;pa;Swedish
3191;sv;pl;szwedzki
3192;sv;pt-pt;Sueco
3193;sv;pt-br;Sueco
3194;sv;qu;Swedish
3195;sv;ro;Suedeză
3196;sv;ru;Шведский
3197;sv;sl;Švedščina
3198;sv;so;Swedish
3199;sv;sq;Swedish
3200;sv;sr;шведски
3201;sv;sv;Svenska
3202;sv;ta;Swedish
3203;sv;th;สวีเดน
3204;sv;tr;İsveççe
3205;sv;uk;Swedish
3206;sv;ur;Swedish
3207;sv;uz;Swedish
3208;sv;vi;Swedish
3209;sv;yi;Swedish
3210;sv;zh-hans;瑞典语
3211;sv;zu;Swedish
3212;sv;zh-hant;瑞典語
3213;sv;ms;Swedish
3214;ta;en;Tamil
3215;ta;es;Tamil
3216;ta;de;Tamil
3217;ta;fr;Tamoul
3218;ta;ar;التاميلية
3219;ta;bs;Tamil
3220;ta;bg;Тамилски
3221;ta;ca;Tamil
3222;ta;cs;Tamil
3223;ta;sk;Tamilčina
3224;ta;cy;Tamil
3225;ta;da;Tamil
3226;ta;el;Ταμιλ
3227;ta;eo;Tamil
3228;ta;et;Tamil
3229;ta;eu;Tamil
3230;ta;fa;Tamil
3231;ta;fi;tamili
3232;ta;ga;Tamil
3233;ta;he;טמילית
3234;ta;hi;Tamil
3235;ta;hr;Tamil
3236;ta;hu;tamil
3237;ta;hy;Tamil
3238;ta;id;Tamil
3239;ta;is;Tamil
3240;ta;it;Tamil
3241;ta;ja;タミル語
3242;ta;ko;타밀어
3243;ta;ku;Tamil
3244;ta;la;Tamil
3245;ta;lv;Tamil
3246;ta;lt;Tamil
3247;ta;mk;Tamil
3248;ta;mt;Tamil
3249;ta;mn;Tamil
3250;ta;ne;Tamil
3251;ta;nl;Tamil
3252;ta;nb;Tamil
3253;ta;pa;Tamil
3254;ta;pl;tamilski
3255;ta;pt-pt;Tamil
3256;ta;pt-br;Tamil
3257;ta;qu;Tamil
3258;ta;ro;Tamilă
3259;ta;ru;Тамильский
3260;ta;sl;Tamilščina
3261;ta;so;Tamil
3262;ta;sq;Tamil
3263;ta;sr;тамилски
3264;ta;sv;Tamil
3265;ta;ta;Tamil
3266;ta;th;ทมิฬ
3267;ta;tr;Tamil dili
3268;ta;uk;Tamil
3269;ta;ur;Tamil
3270;ta;uz;Tamil
3271;ta;vi;Tamil
3272;ta;yi;Tamil
3273;ta;zh-hans;泰米尔语
3274;ta;zu;Tamil
3275;ta;zh-hant;泰米爾語
3276;ta;ms;Tamil
3277;th;en;Thai
3278;th;es;Tailandés
3279;th;de;Thai
3280;th;fr;Thaï
3281;th;ar;التايلندية
3282;th;bs;Thai
3283;th;bg;Тайски
3284;th;ca;Thai
3285;th;cs;Thai
3286;th;sk;Thajština
3287;th;cy;Thai
3288;th;da;Thai
3289;th;el;Thai
3290;th;eo;Thai
3291;th;et;Thai
3292;th;eu;Thai
3293;th;fa;Thai
3294;th;fi;thai
3295;th;ga;Thai
3296;th;he;תאילנדית
3297;th;hi;Thai
3298;th;hr;Thai
3299;th;hu;tájföldi
3300;th;hy;Thai
3301;th;id;Thai
3302;th;is;Thai
3303;th;it;Thai
3304;th;ja;タイ語
3305;th;ko;태국어
3306;th;ku;Thai
3307;th;la;Thai
3308;th;lv;Thai
3309;th;lt;Thai
3310;th;mk;Thai
3311;th;mt;Thai
3312;th;mn;Thai
3313;th;ne;Thai
3314;th;nl;Thai
3315;th;nb;Thai
3316;th;pa;Thai
3317;th;pl;tajski
3318;th;pt-pt;Tailandês
3319;th;pt-br;Tailandês
3320;th;qu;Thai
3321;th;ro;Tailandeză
3322;th;ru;Тайский
3323;th;sl;Tajski
3324;th;so;Thai
3325;th;sq;Thai
3326;th;sr;Тајландски
3327;th;sv;Thailändska
3328;th;ta;Thai
3329;th;th;ไทย
3330;th;tr;Tayca
3331;th;uk;Thai
3332;th;ur;Thai
3333;th;uz;Thai
3334;th;vi;Thai
3335;th;yi;Thai
3336;th;zh-hans;泰语
3337;th;zu;Thai
3338;th;zh-hant;泰語
3339;th;ms;Thai
3340;tr;en;Turkish
3341;tr;es;Turco
3342;tr;de;Türkisch
3343;tr;fr;Turc
3344;tr;ar;التركية
3345;tr;bs;Turkish
3346;tr;bg;Турски
3347;tr;ca;Turkish
3348;tr;cs;Turečtina
3349;tr;sk;Turečtina
3350;tr;cy;Turkish
3351;tr;da;Turkish
3352;tr;el;Τουρκικα
3353;tr;eo;Turkish
3354;tr;et;Turkish
3355;tr;eu;Turkish
3356;tr;fa;Turkish
3357;tr;fi;turkki
3358;tr;ga;Turkish
3359;tr;he;תורכית
3360;tr;hi;Turkish
3361;tr;hr;Turski
3362;tr;hu;török
3363;tr;hy;Turkish
3364;tr;id;Turkish
3365;tr;is;Turkish
3366;tr;it;Turco
3367;tr;ja;トルコ語
3368;tr;ko;터어키어
3369;tr;ku;Turkish
3370;tr;la;Turkish
3371;tr;lv;Turkish
3372;tr;lt;Turkish
3373;tr;mk;Turkish
3374;tr;mt;Turkish
3375;tr;mn;Turkish
3376;tr;ne;Turkish
3377;tr;nl;Turks
3378;tr;nb;Turkish
3379;tr;pa;Turkish
3380;tr;pl;turecki
3381;tr;pt-pt;Turco
3382;tr;pt-br;Turco
3383;tr;qu;Turkish
3384;tr;ro;Turcă
3385;tr;ru;Турецкий
3386;tr;sl;Turščina
3387;tr;so;Turkish
3388;tr;sq;Turkish
3389;tr;sr;турски
3390;tr;sv;Turkiska
3391;tr;ta;Turkish
3392;tr;th;ตุรกี
3393;tr;tr;Türkçe
3394;tr;uk;Turkish
3395;tr;ur;Turkish
3396;tr;uz;Turkish
3397;tr;vi;Turkish
3398;tr;yi;Turkish
3399;tr;zh-hans;土耳其语
3400;tr;zu;Turkish
3401;tr;zh-hant;土耳其語
3402;tr;ms;Turkish
3403;uk;en;Ukrainian
3404;uk;es;Ucraniano
3405;uk;de;Ukrainisch
3406;uk;fr;Ukrainien
3407;uk;ar;الأوكرانية
3408;uk;bs;Ukrainian
3409;uk;bg;Украински
3410;uk;ca;Ukrainian
3411;uk;cs;Ukrajinský
3412;uk;sk;Ukrajinčina
3413;uk;cy;Ukrainian
3414;uk;da;Ukrainian
3415;uk;el;Ουκρανικα
3416;uk;eo;Ukrainian
3417;uk;et;Ukrainian
3418;uk;eu;Ukrainian
3419;uk;fa;Ukrainian
3420;uk;fi;ukraina
3421;uk;ga;Ukrainian
3422;uk;he;אוקראינית
3423;uk;hi;Ukrainian
3424;uk;hr;Ukrajinski
3425;uk;hu;ukrán
3426;uk;hy;Ukrainian
3427;uk;id;Ukrainian
3428;uk;is;Ukrainian
3429;uk;it;Ucraino
3430;uk;ja;ウクライナ語
3431;uk;ko;우크라이나어
3432;uk;ku;Ukrainian
3433;uk;la;Ukrainian
3434;uk;lv;Ukrainian
3435;uk;lt;Ukrainian
3436;uk;mk;Ukrainian
3437;uk;mt;Ukrainian
3438;uk;mn;Ukrainian
3439;uk;ne;Ukrainian
3440;uk;nl;Oekraïens
3441;uk;nb;Ukrainsk
3442;uk;pa;Ukrainian
3443;uk;pl;ukraiński
3444;uk;pt-pt;Ucraniano
3445;uk;pt-br;Ucraniano
3446;uk;qu;Ukrainian
3447;uk;ro;Ucrainiană
3448;uk;ru;Украинский
3449;uk;sl;Ukrajinski
3450;uk;so;Ukrainian
3451;uk;sq;Ukrainian
3452;uk;sr;украјински
3453;uk;sv;Ukrainska
3454;uk;ta;Ukrainian
3455;uk;th;ยูเครน
3456;uk;tr;Ukraynaca
3457;uk;uk;Ukrainian
3458;uk;ur;Ukrainian
3459;uk;uz;Ukrainian
3460;uk;vi;Ukrainian
3461;uk;yi;Ukrainian
3462;uk;zh-hans;乌克兰语
3463;uk;zu;Ukrainian
3464;uk;zh-hant;烏克蘭語
3465;uk;ms;Ukrainian
3466;ur;en;Urdu
3467;ur;es;Urdu
3468;ur;de;Urdu
3469;ur;fr;Ourdu
3470;ur;ar;الأردية
3471;ur;bs;Urdu
3472;ur;bg;Урду
3473;ur;ca;Urdu
3474;ur;cs;Urdu
3475;ur;sk;Urdština
3476;ur;cy;Urdu
3477;ur;da;Urdu
3478;ur;el;Ουρντου
3479;ur;eo;Urdu
3480;ur;et;Urdu
3481;ur;eu;Urdu
3482;ur;fa;Urdu
3483;ur;fi;urdu
3484;ur;ga;Urdu
3485;ur;he;אורדו
3486;ur;hi;Urdu
3487;ur;hr;Urdu
3488;ur;hu;urdu
3489;ur;hy;Urdu
3490;ur;id;Urdu
3491;ur;is;Urdu
3492;ur;it;Urdu
3493;ur;ja;ウルドゥー語
3494;ur;ko;우르두어
3495;ur;ku;Urdu
3496;ur;la;Urdu
3497;ur;lv;Urdu
3498;ur;lt;Urdu
3499;ur;mk;Urdu
3500;ur;mt;Urdu
3501;ur;mn;Urdu
3502;ur;ne;Urdu
3503;ur;nl;Urdu
3504;ur;nb;Urdu
3505;ur;pa;Urdu
3506;ur;pl;urdu
3507;ur;pt-pt;Urdu
3508;ur;pt-br;Urdu
3509;ur;qu;Urdu
3510;ur;ro;Urdu
3511;ur;ru;Урду
3512;ur;sl;Urdujščina
3513;ur;so;Urdu
3514;ur;sq;Urdu
3515;ur;sr;урду
3516;ur;sv;Urdu
3517;ur;ta;Urdu
3518;ur;th;อุรดู
3519;ur;tr;Urduca
3520;ur;uk;Urdu
3521;ur;ur;اردو
3522;ur;uz;Urdu
3523;ur;vi;Urdu
3524;ur;yi;Urdu
3525;ur;zh-hans;乌尔都语
3526;ur;zu;Urdu
3527;ur;zh-hant;烏爾都語
3528;ur;ms;Urdu
3529;uz;en;Uzbek
3530;uz;es;Uzbeko
3531;uz;de;Usbekisch
3532;uz;fr;Ouzbek
3533;uz;ar;الاوزباكية
3534;uz;bs;Uzbek
3535;uz;bg;Узбекски
3536;uz;ca;Uzbek
3537;uz;cs;Uzbek
3538;uz;sk;Uzbekčina
3539;uz;cy;Uzbek
3540;uz;da;Uzbek
3541;uz;el;Ουζμπεκικα
3542;uz;eo;Uzbek
3543;uz;et;Uzbek
3544;uz;eu;Uzbek
3545;uz;fa;Uzbek
3546;uz;fi;uzbekki
3547;uz;ga;Uzbek
3548;uz;he;אוזבקית
3549;uz;hi;Uzbek
3550;uz;hr;Uzbečki
3551;uz;hu;üzbég
3552;uz;hy;Uzbek
3553;uz;id;Uzbek
3554;uz;is;Uzbek
3555;uz;it;Uzbeco
3556;uz;ja;ウズベク語
3557;uz;ko;우즈베크어
3558;uz;ku;Uzbek
3559;uz;la;Uzbek
3560;uz;lv;Uzbek
3561;uz;lt;Uzbek
3562;uz;mk;Uzbek
3563;uz;mt;Uzbek
3564;uz;mn;Uzbek
3565;uz;ne;Uzbek
3566;uz;nl;Oezbeeks
3567;uz;nb;Usbekisk
3568;uz;pa;Uzbek
3569;uz;pl;uzbecki
3570;uz;pt-pt;Uzbeque
3571;uz;pt-br;Uzbeque
3572;uz;qu;Uzbek
3573;uz;ro;Uzbecă
3574;uz;ru;Узбекский
3575;uz;sl;Uzbek
3576;uz;so;Uzbek
3577;uz;sq;Uzbek
3578;uz;sr;Узбек
3579;uz;sv;Uzbekiska
3580;uz;ta;Uzbek
3581;uz;th;อุซเบก
3582;uz;tr;Özbekçe
3583;uz;uk;Uzbek
3584;uz;ur;Uzbek
3585;uz;uz;Uzbek
3586;uz;vi;Uzbek
3587;uz;yi;Uzbek
3588;uz;zh-hans;乌兹别克语
3589;uz;zu;Uzbek
3590;uz;zh-hant;烏茲別克語
3591;uz;ms;Uzbek
3592;vi;en;Vietnamese
3593;vi;es;Vietnamita
3594;vi;de;Vietnamesisch
3595;vi;fr;Vietnamien
3596;vi;ar;الفيتنامية
3597;vi;bs;Vietnamese
3598;vi;bg;Виетнамски
3599;vi;ca;Vietnamese
3600;vi;cs;Vietnamský
3601;vi;sk;Vietnamčina
3602;vi;cy;Vietnamese
3603;vi;da;Vietnamese
3604;vi;el;Βιετναμεζικα
3605;vi;eo;Vietnamese
3606;vi;et;Vietnamese
3607;vi;eu;Vietnamese
3608;vi;fa;Vietnamese
3609;vi;fi;vietnam
3610;vi;ga;Vietnamese
3611;vi;he;וייטנאמית
3612;vi;hi;Vietnamese
3613;vi;hr;Vijetnamski
3614;vi;hu;vietnámi
3615;vi;hy;Vietnamese
3616;vi;id;Vietnamese
3617;vi;is;Vietnamese
3618;vi;it;Vietnamita
3619;vi;ja;ベトナム語
3620;vi;ko;베트남어
3621;vi;ku;Vietnamese
3622;vi;la;Vietnamese
3623;vi;lv;Vietnamese
3624;vi;lt;Vietnamese
3625;vi;mk;Vietnamese
3626;vi;mt;Vietnamese
3627;vi;mn;Vietnamese
3628;vi;ne;Vietnamese
3629;vi;nl;Vietnamees
3630;vi;nb;Vietnamesisk
3631;vi;pa;Vietnamese
3632;vi;pl;wietnamski
3633;vi;pt-pt;Vietnamita
3634;vi;pt-br;Vietnamita
3635;vi;qu;Vietnamese
3636;vi;ro;Vietnameză
3637;vi;ru;Вьетнамский
3638;vi;sl;Vietnamščina
3639;vi;so;Vietnamese
3640;vi;sq;Vietnamese
3641;vi;sr;вијетнамски
3642;vi;sv;Vietnamesiska
3643;vi;ta;Vietnamese
3644;vi;th;เวียดนาม
3645;vi;tr;Vietnamca
3646;vi;uk;Vietnamese
3647;vi;ur;Vietnamese
3648;vi;uz;Vietnamese
3649;vi;vi;Tiếng Việt
3650;vi;yi;Vietnamese
3651;vi;zh-hans;越南语
3652;vi;zu;Vietnamese
3653;vi;zh-hant;越南語
3654;vi;ms;Vietnamese
3655;yi;en;Yiddish
3656;yi;es;Yidis
3657;yi;de;Jiddisch
3658;yi;fr;Yiddish
3659;yi;ar;اليديشية
3660;yi;bs;Yiddish
3661;yi;bg;Идиш
3662;yi;ca;Yiddish
3663;yi;cs;Jidiš
3664;yi;sk;Jidiš
3665;yi;cy;Yiddish
3666;yi;da;Yiddish
3667;yi;el;Γιντις
3668;yi;eo;Yiddish
3669;yi;et;Yiddish
3670;yi;eu;Yiddish
3671;yi;fa;Yiddish
3672;yi;fi;jiddi
3673;yi;ga;Yiddish
3674;yi;he;יידיש
3675;yi;hi;Yiddish
3676;yi;hr;Jidiš
3677;yi;hu;jiddis
3678;yi;hy;Yiddish
3679;yi;id;Yiddish
3680;yi;is;Yiddish
3681;yi;it;Yiddish
3682;yi;ja;イディッシュ語
3683;yi;ko;이디시어
3684;yi;ku;Yiddish
3685;yi;la;Yiddish
3686;yi;lv;Yiddish
3687;yi;lt;Yiddish
3688;yi;mk;Yiddish
3689;yi;mt;Yiddish
3690;yi;mn;Yiddish
3691;yi;ne;Yiddish
3692;yi;nl;Jiddisch
3693;yi;nb;Yiddish
3694;yi;pa;Yiddish
3695;yi;pl;jidysz
3696;yi;pt-pt;Yiddish
3697;yi;pt-br;Yiddish
3698;yi;qu;Yiddish
3699;yi;ro;Idiş
3700;yi;ru;Идиш
3701;yi;sl;Jidiš
3702;yi;so;Yiddish
3703;yi;sq;Yiddish
3704;yi;sr;јидиш
3705;yi;sv;Jiddisch
3706;yi;ta;Yiddish
3707;yi;th;ยิชดิช
3708;yi;tr;Eski İbranice
3709;yi;uk;Yiddish
3710;yi;ur;Yiddish
3711;yi;uz;Yiddish
3712;yi;vi;Yiddish
3713;yi;yi;Yiddish
3714;yi;zh-hans;依地语
3715;yi;zu;Yiddish
3716;yi;zh-hant;依地語
3717;yi;ms;Yiddish
3718;zh-hans;en;Chinese (Simplified)
3719;zh-hans;es;Chino simplificado
3720;zh-hans;de;Vereinfachtes Chinesisch
3721;zh-hans;fr;Chinois simplifié
3722;zh-hans;ar;الصينية المبسطة
3723;zh-hans;bs;Chinese (Simplified)
3724;zh-hans;bg;Китайски  (опростен)
3725;zh-hans;ca;Chinese (Simplified)
3726;zh-hans;cs;Čínština ( Zjednodušený )
3727;zh-hans;sk;Zjednodušená Čínština
3728;zh-hans;cy;Chinese (Simplified)
3729;zh-hans;da;Chinese (Simplified)
3730;zh-hans;el;Κινεζικα (Απλοποιημένα)
3731;zh-hans;eo;Chinese (Simplified)
3732;zh-hans;et;Chinese (Simplified)
3733;zh-hans;eu;Chinese (Simplified)
3734;zh-hans;fa;Chinese (Simplified)
3735;zh-hans;fi;kiina
3736;zh-hans;ga;Chinese (Simplified)
3737;zh-hans;he;סינית
3738;zh-hans;hi;Chinese (Simplified)
3739;zh-hans;hr;Kineski (pojednostavljeni)
3740;zh-hans;hu;egyszerűsített kínai
3741;zh-hans;hy;Chinese (Simplified)
3742;zh-hans;id;Chinese (Simplified)
3743;zh-hans;is;Chinese (Simplified)
3744;zh-hans;it;Cinese semplificato
3745;zh-hans;ja;簡体中国語
3746;zh-hans;ko;중국어 간체
3747;zh-hans;ku;Chinese (Simplified)
3748;zh-hans;la;Chinese (Simplified)
3749;zh-hans;lv;Chinese (Simplified)
3750;zh-hans;lt;Chinese (Simplified)
3751;zh-hans;mk;Chinese (Simplified)
3752;zh-hans;mt;Chinese (Simplified)
3753;zh-hans;mn;Chinese (Simplified)
3754;zh-hans;ne;Chinese (Simplified)
3755;zh-hans;nl;Vereenvoudigd Chinees
3756;zh-hans;nb;Kinesisk (forenklet)
3757;zh-hans;pa;Chinese (Simplified)
3758;zh-hans;pl;chiński uproszczony
3759;zh-hans;pt-pt;Chinês (Simplificado)
3760;zh-hans;pt-br;Chinês (Simplificado)
3761;zh-hans;qu;Chinese (Simplified)
3762;zh-hans;ro;Chineza simplificată
3763;zh-hans;ru;Китайский (упрощенный)
3764;zh-hans;sl;Kitajščina (poenostavljena )
3765;zh-hans;so;Chinese (Simplified)
3766;zh-hans;sq;Chinese (Simplified)
3767;zh-hans;sr;Кинески (поједностављени)
3768;zh-hans;sv;Förenklad kinesiska
3769;zh-hans;ta;Chinese (Simplified)
3770;zh-hans;th;จีนประยุกต์
3771;zh-hans;tr;Modern Çince
3772;zh-hans;uk;Chinese (Simplified)
3773;zh-hans;ur;Chinese (Simplified)
3774;zh-hans;uz;Chinese (Simplified)
3775;zh-hans;vi;Chinese (Simplified)
3776;zh-hans;yi;Chinese (Simplified)
3777;zh-hans;zh-hans;简体中文
3778;zh-hans;zu;Chinese (Simplified)
3779;zh-hans;zh-hant;簡體中文
3780;zh-hans;ms;Chinese (Simplified)
3781;zu;en;Zulu
3782;zu;es;Zulú
3783;zu;de;Zulu
3784;zu;fr;Zoulou
3785;zu;ar;الزولو
3786;zu;bs;Zulu
3787;zu;bg;Зулу
3788;zu;ca;Zulu
3789;zu;cs;Zulu
3790;zu;sk;Jazyk Zulu
3791;zu;cy;Zulu
3792;zu;da;Zulu
3793;zu;el;Ζουλου
3794;zu;eo;Zulu
3795;zu;et;Zulu
3796;zu;eu;Zulu
3797;zu;fa;Zulu
3798;zu;fi;zulu
3799;zu;ga;Zulu
3800;zu;he;זולו
3801;zu;hi;Zulu
3802;zu;hr;Zulu
3803;zu;hu;zulu
3804;zu;hy;Zulu
3805;zu;id;Zulu
3806;zu;is;Zulu
3807;zu;it;Zulu
3808;zu;ja;ズールー語
3809;zu;ko;줄루어
3810;zu;ku;Zulu
3811;zu;la;Zulu
3812;zu;lv;Zulu
3813;zu;lt;Zulu
3814;zu;mk;Zulu
3815;zu;mt;Zulu
3816;zu;mn;Zulu
3817;zu;ne;Zulu
3818;zu;nl;Zulu
3819;zu;nb;Zulu
3820;zu;pa;Zulu
3821;zu;pl;zuluski
3822;zu;pt-pt;Zulu
3823;zu;pt-br;Zulu
3824;zu;qu;Zulu
3825;zu;ro;Zulu
3826;zu;ru;Зулу
3827;zu;sl;Zulu
3828;zu;so;Zulu
3829;zu;sq;Zulu
3830;zu;sr;зулу
3831;zu;sv;Zulu
3832;zu;ta;Zulu
3833;zu;th;ซูลู
3834;zu;tr;Zulu dili
3835;zu;uk;Zulu
3836;zu;ur;Zulu
3837;zu;uz;Zulu
3838;zu;vi;Zulu
3839;zu;yi;Zulu
3840;zu;zh-hans;祖鲁语
3841;zu;zu;Zulu
3842;zu;zh-hant;祖魯語
3843;zu;ms;Zulu
3844;zh-hant;en;Chinese (Traditional)
3845;zh-hant;es;Chino tradicional
3846;zh-hant;de;Traditionelles Chinesisch
3847;zh-hant;fr;Chinois traditionnel
3848;zh-hant;ar;الصينية التقليدية
3849;zh-hant;bs;Chinese (Traditional)
3850;zh-hant;bg;Китайски (традиционен)
3851;zh-hant;ca;Chinese (Traditional)
3852;zh-hant;cs;Čínština (tradiční )
3853;zh-hant;sk;Tradičná Čínština
3854;zh-hant;cy;Chinese (Traditional)
3855;zh-hant;da;Chinese (Traditional)
3856;zh-hant;el;Κινεζικα (Παραδοσιακά)
3857;zh-hant;eo;Chinese (Traditional)
3858;zh-hant;et;Chinese (Traditional)
3859;zh-hant;eu;Chinese (Traditional)
3860;zh-hant;fa;Chinese (Traditional)
3861;zh-hant;fi;perinteinen kiina
3862;zh-hant;ga;Chinese (Traditional)
3863;zh-hant;he;סינית מסורתית
3864;zh-hant;hi;Chinese (Traditional)
3865;zh-hant;hr;Kineski (tradicionalni)
3866;zh-hant;hu;hagyományos kínai
3867;zh-hant;hy;Chinese (Traditional)
3868;zh-hant;id;Chinese (Traditional)
3869;zh-hant;is;Chinese (Traditional)
3870;zh-hant;it;Cinese tradizionale
3871;zh-hant;ja;繁体中国語
3872;zh-hant;ko;중국어 번체
3873;zh-hant;ku;Chinese (Traditional)
3874;zh-hant;la;Chinese (Traditional)
3875;zh-hant;lv;Chinese (Traditional)
3876;zh-hant;lt;Chinese (Traditional)
3877;zh-hant;mk;Chinese (Traditional)
3878;zh-hant;mt;Chinese (Traditional)
3879;zh-hant;mn;Chinese (Traditional)
3880;zh-hant;ne;Chinese (Traditional)
3881;zh-hant;nl;Traditioneel Chinees
3882;zh-hant;nb;Kinesisk (tradisjonell)
3883;zh-hant;pa;Chinese (Traditional)
3884;zh-hant;pl;chiński tradycyjny
3885;zh-hant;pt-pt;Chinês (Tradicional)
3886;zh-hant;pt-br;Chinês (Tradicional)
3887;zh-hant;qu;Chinese (Traditional)
3888;zh-hant;ro;Chineza tradiţională
3889;zh-hant;ru;Китайский (традиционный)
3890;zh-hant;sl;Kitajščina (tradicionalna)
3891;zh-hant;so;Chinese (Traditional)
3892;zh-hant;sq;Chinese (Traditional)
3893;zh-hant;sr;Кинески (традиционални)
3894;zh-hant;sv;Traditionell kinesiska
3895;zh-hant;ta;Chinese (Traditional)
3896;zh-hant;th;จีนดั้งเดิม
3897;zh-hant;tr;Klasik Çince
3898;zh-hant;uk;Chinese (Traditional)
3899;zh-hant;ur;Chinese (Traditional)
3900;zh-hant;uz;Chinese (Traditional)
3901;zh-hant;vi;Chinese (Traditional)
3902;zh-hant;yi;Chinese (Traditional)
3903;zh-hant;zh-hans;繁体中文
3904;zh-hant;zu;Chinese (Traditional)
3905;zh-hant;zh-hant;繁體中文
3906;zh-hant;ms;Chinese (Traditional)
3907;ms;en;Malay
3908;ms;es;Malayo
3909;ms;de;Malaiisch
3910;ms;fr;Malay
3911;ms;ar;لغة الملايو
3912;ms;bs;Malay
3913;ms;bg;Малайски
3914;ms;ca;Malay
3915;ms;cs;Malajský
3916;ms;sk;Malay
3917;ms;cy;Malay
3918;ms;da;Malay
3919;ms;el;Malay
3920;ms;eo;Malay
3921;ms;et;Malay
3922;ms;eu;Malay
3923;ms;fa;Malay
3924;ms;fi;Malay
3925;ms;ga;Malay
3926;ms;he;מלאית
3927;ms;hi;Malay
3928;ms;hr;Malajski
3929;ms;hu;Malay
3930;ms;hy;Malay
3931;ms;id;Malay
3932;ms;is;Malay
3933;ms;it;Malay
3934;ms;ja;Malay
3935;ms;ko;Malay
3936;ms;ku;Malay
3937;ms;la;Malay
3938;ms;lv;Malay
3939;ms;lt;Malay
3940;ms;mk;Malay
3941;ms;mt;Malay
3942;ms;mn;Malay
3943;ms;ne;Malay
3944;ms;nl;Malay
3945;ms;nb;Malay
3946;ms;pa;Malay
3947;ms;pl;Malay
3948;ms;pt-pt;Malaio
3949;ms;pt-br;Malaio
3950;ms;qu;Malay
3951;ms;ro;Malay
3952;ms;ru;Malay
3953;ms;sl;Malajščina
3954;ms;so;Malay
3955;ms;sq;Malay
3956;ms;sr;малајски
3957;ms;sv;Malay
3958;ms;ta;Malay
3959;ms;th;Malay
3960;ms;tr;Malay
3961;ms;uk;Malay
3962;ms;ur;Malay
3963;ms;uz;Malay
3964;ms;vi;Malay
3965;ms;yi;Malay
3966;ms;zh-hans;Malay
3967;ms;zu;Malay
3968;ms;zh-hant;Malay
3969;ms;ms;Melayu
